transaction_id,initiative_id,month,cost_category,cost_group,cost_type,vendor_id,cost_centre_id,amount,description
CT-00001,AI-001,2025-09,gpu,Infrastructure,programme,V-HPE-INF,CC-CUS-AI,76077.93,AI Customer Support Copilot: gpu
CT-00002,AI-001,2025-09,gpu,Infrastructure,programme,V-HPE-INF,CC-CUS-AI,50718.62,AI Customer Support Copilot: gpu
CT-00003,AI-001,2025-10,gpu,Infrastructure,programme,V-HPE-INF,CC-CUS-AI,76307.64,AI Customer Support Copilot: gpu
CT-00004,AI-001,2025-10,gpu,Infrastructure,programme,V-HPE-INF,CC-CUS-AI,50871.76,AI Customer Support Copilot: gpu
CT-00005,AI-001,2025-11,gpu,Infrastructure,programme,V-HPE-INF,CC-CUS-AI,53999.71,AI Customer Support Copilot: gpu
CT-00006,AI-001,2025-11,gpu,Infrastructure,programme,V-HPE-INF,CC-CUS-AI,35999.8,AI Customer Support Copilot: gpu
CT-00007,AI-001,2025-12,gpu,Infrastructure,programme,V-HPE-INF,CC-CUS-AI,51713.54,AI Customer Support Copilot: gpu
CT-00008,AI-001,2025-12,gpu,Infrastructure,programme,V-HPE-INF,CC-CUS-AI,34475.69,AI Customer Support Copilot: gpu
CT-00009,AI-001,2026-01,gpu,Infrastructure,programme,V-HPE-INF,CC-CUS-AI,50510.75,AI Customer Support Copilot: gpu
CT-00010,AI-001,2026-01,gpu,Infrastructure,programme,V-HPE-INF,CC-CUS-AI,33673.83,AI Customer Support Copilot: gpu
CT-00011,AI-001,2026-02,gpu,Infrastructure,programme,V-HPE-INF,CC-CUS-AI,54078.05,AI Customer Support Copilot: gpu
CT-00012,AI-001,2026-02,gpu,Infrastructure,programme,V-HPE-INF,CC-CUS-AI,36052.03,AI Customer Support Copilot: gpu
CT-00013,AI-001,2026-03,gpu,Infrastructure,programme,V-HPE-INF,CC-CUS-AI,49796.63,AI Customer Support Copilot: gpu
CT-00014,AI-001,2026-03,gpu,Infrastructure,programme,V-HPE-INF,CC-CUS-AI,33197.75,AI Customer Support Copilot: gpu
CT-00015,AI-001,2026-04,gpu,Infrastructure,programme,V-HPE-INF,CC-CUS-AI,52418.92,AI Customer Support Copilot: gpu
CT-00016,AI-001,2026-04,gpu,Infrastructure,programme,V-HPE-INF,CC-CUS-AI,34945.95,AI Customer Support Copilot: gpu
CT-00017,AI-001,2026-05,gpu,Infrastructure,programme,V-HPE-INF,CC-CUS-AI,49044.65,AI Customer Support Copilot: gpu
CT-00018,AI-001,2026-05,gpu,Infrastructure,programme,V-HPE-INF,CC-CUS-AI,32696.43,AI Customer Support Copilot: gpu
CT-00019,AI-001,2026-06,gpu,Infrastructure,programme,V-HPE-INF,CC-CUS-AI,50626.49,AI Customer Support Copilot: gpu
CT-00020,AI-001,2026-06,gpu,Infrastructure,programme,V-HPE-INF,CC-CUS-AI,33750.99,AI Customer Support Copilot: gpu
CT-00021,AI-001,2026-07,gpu,Infrastructure,programme,V-HPE-INF,CC-CUS-AI,49036.55,AI Customer Support Copilot: gpu
CT-00022,AI-001,2026-07,gpu,Infrastructure,programme,V-HPE-INF,CC-CUS-AI,32691.03,AI Customer Support Copilot: gpu
CT-00023,AI-001,2026-08,gpu,Infrastructure,programme,V-HPE-INF,CC-CUS-AI,51228.38,AI Customer Support Copilot: gpu
CT-00024,AI-001,2026-08,gpu,Infrastructure,programme,V-HPE-INF,CC-CUS-AI,34152.25,AI Customer Support Copilot: gpu
CT-00025,AI-001,2025-09,compute,Infrastructure,programme,V-HPE-INF,CC-CUS-AI,44711.81,AI Customer Support Copilot: compute
CT-00026,AI-001,2025-10,compute,Infrastructure,programme,V-HPE-INF,CC-CUS-AI,47147.93,AI Customer Support Copilot: compute
CT-00027,AI-001,2025-11,compute,Infrastructure,programme,V-HPE-INF,CC-CUS-AI,29774.29,AI Customer Support Copilot: compute
CT-00028,AI-001,2025-12,compute,Infrastructure,programme,V-HPE-INF,CC-CUS-AI,29907.88,AI Customer Support Copilot: compute
CT-00029,AI-001,2026-01,compute,Infrastructure,programme,V-HPE-INF,CC-CUS-AI,29259.13,AI Customer Support Copilot: compute
CT-00030,AI-001,2026-02,compute,Infrastructure,programme,V-HPE-INF,CC-CUS-AI,30972.15,AI Customer Support Copilot: compute
CT-00031,AI-001,2026-03,compute,Infrastructure,programme,V-HPE-INF,CC-CUS-AI,28982.24,AI Customer Support Copilot: compute
CT-00032,AI-001,2026-04,compute,Infrastructure,programme,V-HPE-INF,CC-CUS-AI,33228.52,AI Customer Support Copilot: compute
CT-00033,AI-001,2026-05,compute,Infrastructure,programme,V-HPE-INF,CC-CUS-AI,29333.33,AI Customer Support Copilot: compute
CT-00034,AI-001,2026-06,compute,Infrastructure,programme,V-HPE-INF,CC-CUS-AI,29214.2,AI Customer Support Copilot: compute
CT-00035,AI-001,2026-07,compute,Infrastructure,programme,V-HPE-INF,CC-CUS-AI,30564.4,AI Customer Support Copilot: compute
CT-00036,AI-001,2026-08,compute,Infrastructure,programme,V-HPE-INF,CC-CUS-AI,29842.15,AI Customer Support Copilot: compute
CT-00037,AI-001,2025-09,storage,Infrastructure,programme,V-HPE-INF,CC-CUS-AI,37780.34,AI Customer Support Copilot: storage
CT-00038,AI-001,2025-10,storage,Infrastructure,programme,V-HPE-INF,CC-CUS-AI,41833.12,AI Customer Support Copilot: storage
CT-00039,AI-001,2025-11,storage,Infrastructure,programme,V-HPE-INF,CC-CUS-AI,27699.24,AI Customer Support Copilot: storage
CT-00040,AI-001,2025-12,storage,Infrastructure,programme,V-HPE-INF,CC-CUS-AI,27353.9,AI Customer Support Copilot: storage
CT-00041,AI-001,2026-01,storage,Infrastructure,programme,V-HPE-INF,CC-CUS-AI,27994.18,AI Customer Support Copilot: storage
CT-00042,AI-001,2026-02,storage,Infrastructure,programme,V-HPE-INF,CC-CUS-AI,27071.44,AI Customer Support Copilot: storage
CT-00043,AI-001,2026-03,storage,Infrastructure,programme,V-HPE-INF,CC-CUS-AI,25824.22,AI Customer Support Copilot: storage
CT-00044,AI-001,2026-04,storage,Infrastructure,programme,V-HPE-INF,CC-CUS-AI,27283.69,AI Customer Support Copilot: storage
CT-00045,AI-001,2026-05,storage,Infrastructure,programme,V-HPE-INF,CC-CUS-AI,25790.74,AI Customer Support Copilot: storage
CT-00046,AI-001,2026-06,storage,Infrastructure,programme,V-HPE-INF,CC-CUS-AI,25865.8,AI Customer Support Copilot: storage
CT-00047,AI-001,2026-07,storage,Infrastructure,programme,V-HPE-INF,CC-CUS-AI,25798.99,AI Customer Support Copilot: storage
CT-00048,AI-001,2026-08,storage,Infrastructure,programme,V-HPE-INF,CC-CUS-AI,26266.41,AI Customer Support Copilot: storage
CT-00049,AI-001,2025-09,networking,Infrastructure,programme,V-HPE-NET,CC-CUS-AI,22973.07,AI Customer Support Copilot: networking
CT-00050,AI-001,2025-10,networking,Infrastructure,programme,V-HPE-NET,CC-CUS-AI,21824.03,AI Customer Support Copilot: networking
CT-00051,AI-001,2025-11,networking,Infrastructure,programme,V-HPE-NET,CC-CUS-AI,15373.15,AI Customer Support Copilot: networking
CT-00052,AI-001,2025-12,networking,Infrastructure,programme,V-HPE-NET,CC-CUS-AI,15600.39,AI Customer Support Copilot: networking
CT-00053,AI-001,2026-01,networking,Infrastructure,programme,V-HPE-NET,CC-CUS-AI,15961.47,AI Customer Support Copilot: networking
CT-00054,AI-001,2026-02,networking,Infrastructure,programme,V-HPE-NET,CC-CUS-AI,15334.8,AI Customer Support Copilot: networking
CT-00055,AI-001,2026-03,networking,Infrastructure,programme,V-HPE-NET,CC-CUS-AI,15812.79,AI Customer Support Copilot: networking
CT-00056,AI-001,2026-04,networking,Infrastructure,programme,V-HPE-NET,CC-CUS-AI,14548.4,AI Customer Support Copilot: networking
CT-00057,AI-001,2026-05,networking,Infrastructure,programme,V-HPE-NET,CC-CUS-AI,15543.92,AI Customer Support Copilot: networking
CT-00058,AI-001,2026-06,networking,Infrastructure,programme,V-HPE-NET,CC-CUS-AI,16306.91,AI Customer Support Copilot: networking
CT-00059,AI-001,2026-07,networking,Infrastructure,programme,V-HPE-NET,CC-CUS-AI,14599.08,AI Customer Support Copilot: networking
CT-00060,AI-001,2026-08,networking,Infrastructure,programme,V-HPE-NET,CC-CUS-AI,15200.89,AI Customer Support Copilot: networking
CT-00061,AI-001,2025-09,software,Software,programme,V-SW-A,CC-CUS-AI,57688.33,AI Customer Support Copilot: software
CT-00062,AI-001,2025-10,software,Software,programme,V-SW-A,CC-CUS-AI,37016.62,AI Customer Support Copilot: software
CT-00063,AI-001,2025-10,software,Software,programme,V-SW-A,CC-CUS-AI,24677.75,AI Customer Support Copilot: software
CT-00064,AI-001,2025-11,software,Software,programme,V-SW-A,CC-CUS-AI,37882.73,AI Customer Support Copilot: software
CT-00065,AI-001,2025-12,software,Software,programme,V-SW-A,CC-CUS-AI,36877.41,AI Customer Support Copilot: software
CT-00066,AI-001,2026-01,software,Software,programme,V-SW-A,CC-CUS-AI,38300.96,AI Customer Support Copilot: software
CT-00067,AI-001,2026-02,software,Software,programme,V-SW-A,CC-CUS-AI,37292.55,AI Customer Support Copilot: software
CT-00068,AI-001,2026-03,software,Software,programme,V-SW-A,CC-CUS-AI,38505.11,AI Customer Support Copilot: software
CT-00069,AI-001,2026-04,software,Software,programme,V-SW-A,CC-CUS-AI,35996.85,AI Customer Support Copilot: software
CT-00070,AI-001,2026-05,software,Software,programme,V-SW-A,CC-CUS-AI,38179.41,AI Customer Support Copilot: software
CT-00071,AI-001,2026-06,software,Software,programme,V-SW-A,CC-CUS-AI,39303.73,AI Customer Support Copilot: software
CT-00072,AI-001,2026-07,software,Software,programme,V-SW-A,CC-CUS-AI,38753.87,AI Customer Support Copilot: software
CT-00073,AI-001,2026-08,software,Software,programme,V-SW-A,CC-CUS-AI,40607.64,AI Customer Support Copilot: software
CT-00074,AI-001,2025-09,saas,Software,programme,V-SAAS-B,CC-CUS-AI,11931.78,AI Customer Support Copilot: saas
CT-00075,AI-001,2025-10,saas,Software,programme,V-SAAS-B,CC-CUS-AI,11230.8,AI Customer Support Copilot: saas
CT-00076,AI-001,2025-11,saas,Software,programme,V-SAAS-B,CC-CUS-AI,7803.46,AI Customer Support Copilot: saas
CT-00077,AI-001,2025-12,saas,Software,programme,V-SAAS-B,CC-CUS-AI,8195.1,AI Customer Support Copilot: saas
CT-00078,AI-001,2026-01,saas,Software,programme,V-SAAS-B,CC-CUS-AI,7752.51,AI Customer Support Copilot: saas
CT-00079,AI-001,2026-02,saas,Software,programme,V-SAAS-B,CC-CUS-AI,7696.96,AI Customer Support Copilot: saas
CT-00080,AI-001,2026-03,saas,Software,programme,V-SAAS-B,CC-CUS-AI,8615.32,AI Customer Support Copilot: saas
CT-00081,AI-001,2026-04,saas,Software,programme,V-SAAS-B,CC-CUS-AI,8078.94,AI Customer Support Copilot: saas
CT-00082,AI-001,2026-05,saas,Software,programme,V-SAAS-B,CC-CUS-AI,7299.73,AI Customer Support Copilot: saas
CT-00083,AI-001,2026-06,saas,Software,programme,V-SAAS-B,CC-CUS-AI,7912.32,AI Customer Support Copilot: saas
CT-00084,AI-001,2026-07,saas,Software,programme,V-SAAS-B,CC-CUS-AI,8226.55,AI Customer Support Copilot: saas
CT-00085,AI-001,2026-08,saas,Software,programme,V-SAAS-B,CC-CUS-AI,7620.62,AI Customer Support Copilot: saas
CT-00086,AI-001,2025-09,cloud,Cloud,programme,V-HPE-GL,CC-CUS-AI,11023.01,AI Customer Support Copilot: cloud
CT-00087,AI-001,2025-10,cloud,Cloud,programme,V-HPE-GL,CC-CUS-AI,11527.16,AI Customer Support Copilot: cloud
CT-00088,AI-001,2025-11,cloud,Cloud,programme,V-HPE-GL,CC-CUS-AI,7237.13,AI Customer Support Copilot: cloud
CT-00089,AI-001,2025-12,cloud,Cloud,programme,V-HPE-GL,CC-CUS-AI,7419.92,AI Customer Support Copilot: cloud
CT-00090,AI-001,2026-01,cloud,Cloud,programme,V-HPE-GL,CC-CUS-AI,7508.82,AI Customer Support Copilot: cloud
CT-00091,AI-001,2026-02,cloud,Cloud,programme,V-HPE-GL,CC-CUS-AI,7628.88,AI Customer Support Copilot: cloud
CT-00092,AI-001,2026-03,cloud,Cloud,programme,V-HPE-GL,CC-CUS-AI,7470.54,AI Customer Support Copilot: cloud
CT-00093,AI-001,2026-04,cloud,Cloud,programme,V-HPE-GL,CC-CUS-AI,7664.36,AI Customer Support Copilot: cloud
CT-00094,AI-001,2026-05,cloud,Cloud,programme,V-HPE-GL,CC-CUS-AI,8044.07,AI Customer Support Copilot: cloud
CT-00095,AI-001,2026-06,cloud,Cloud,programme,V-HPE-GL,CC-CUS-AI,7658.43,AI Customer Support Copilot: cloud
CT-00096,AI-001,2026-07,cloud,Cloud,programme,V-HPE-GL,CC-CUS-AI,7506.83,AI Customer Support Copilot: cloud
CT-00097,AI-001,2026-08,cloud,Cloud,programme,V-HPE-GL,CC-CUS-AI,7347.68,AI Customer Support Copilot: cloud
CT-00098,AI-001,2025-09,vendors,Services,programme,V-SVC-D,CC-CUS-AI,29150.23,AI Customer Support Copilot: vendors
CT-00099,AI-001,2025-10,vendors,Services,programme,V-SVC-D,CC-CUS-AI,27812.56,AI Customer Support Copilot: vendors
CT-00100,AI-001,2025-11,vendors,Services,programme,V-SVC-D,CC-CUS-AI,19952.13,AI Customer Support Copilot: vendors
CT-00101,AI-001,2025-12,vendors,Services,programme,V-SVC-D,CC-CUS-AI,19969.43,AI Customer Support Copilot: vendors
CT-00102,AI-001,2026-01,vendors,Services,programme,V-SVC-D,CC-CUS-AI,19619.03,AI Customer Support Copilot: vendors
CT-00103,AI-001,2026-02,vendors,Services,programme,V-SVC-D,CC-CUS-AI,20075.54,AI Customer Support Copilot: vendors
CT-00104,AI-001,2026-03,vendors,Services,programme,V-SVC-D,CC-CUS-AI,19721.25,AI Customer Support Copilot: vendors
CT-00105,AI-001,2026-04,vendors,Services,programme,V-SVC-D,CC-CUS-AI,18091.84,AI Customer Support Copilot: vendors
CT-00106,AI-001,2026-05,vendors,Services,programme,V-SVC-D,CC-CUS-AI,20385.5,AI Customer Support Copilot: vendors
CT-00107,AI-001,2026-06,vendors,Services,programme,V-SVC-D,CC-CUS-AI,19255.62,AI Customer Support Copilot: vendors
CT-00108,AI-001,2026-07,vendors,Services,programme,V-SVC-D,CC-CUS-AI,19428.64,AI Customer Support Copilot: vendors
CT-00109,AI-001,2026-08,vendors,Services,programme,V-SVC-D,CC-CUS-AI,18351.76,AI Customer Support Copilot: vendors
CT-00110,AI-001,2025-09,consulting,Services,programme,V-SI-C,CC-CUS-AI,58429.8,AI Customer Support Copilot: consulting
CT-00111,AI-001,2025-10,consulting,Services,programme,V-SI-C,CC-CUS-AI,57423.54,AI Customer Support Copilot: consulting
CT-00112,AI-001,2025-11,consulting,Services,programme,V-SI-C,CC-CUS-AI,39647.39,AI Customer Support Copilot: consulting
CT-00113,AI-001,2025-12,consulting,Services,programme,V-SI-C,CC-CUS-AI,39771.49,AI Customer Support Copilot: consulting
CT-00114,AI-001,2026-01,consulting,Services,programme,V-SI-C,CC-CUS-AI,38014.79,AI Customer Support Copilot: consulting
CT-00115,AI-001,2026-02,consulting,Services,programme,V-SI-C,CC-CUS-AI,39246.58,AI Customer Support Copilot: consulting
CT-00116,AI-001,2026-03,consulting,Services,programme,V-SI-C,CC-CUS-AI,38010.06,AI Customer Support Copilot: consulting
CT-00117,AI-001,2026-04,consulting,Services,programme,V-SI-C,CC-CUS-AI,40778.42,AI Customer Support Copilot: consulting
CT-00118,AI-001,2026-05,consulting,Services,programme,V-SI-C,CC-CUS-AI,39128.35,AI Customer Support Copilot: consulting
CT-00119,AI-001,2026-06,consulting,Services,programme,V-SI-C,CC-CUS-AI,37170.62,AI Customer Support Copilot: consulting
CT-00120,AI-001,2026-07,consulting,Services,programme,V-SI-C,CC-CUS-AI,40040.35,AI Customer Support Copilot: consulting
CT-00121,AI-001,2026-08,consulting,Services,programme,V-SI-C,CC-CUS-AI,36385.22,AI Customer Support Copilot: consulting
CT-00122,AI-001,2025-09,employees,People,programme,,CC-CUS-AI,73653.13,AI Customer Support Copilot: employees
CT-00123,AI-001,2025-09,employees,People,programme,,CC-CUS-AI,49102.09,AI Customer Support Copilot: employees
CT-00124,AI-001,2025-10,employees,People,programme,,CC-CUS-AI,73415.66,AI Customer Support Copilot: employees
CT-00125,AI-001,2025-10,employees,People,programme,,CC-CUS-AI,48943.77,AI Customer Support Copilot: employees
CT-00126,AI-001,2025-11,employees,People,programme,,CC-CUS-AI,51256.31,AI Customer Support Copilot: employees
CT-00127,AI-001,2025-11,employees,People,programme,,CC-CUS-AI,34170.88,AI Customer Support Copilot: employees
CT-00128,AI-001,2025-12,employees,People,programme,,CC-CUS-AI,51501.32,AI Customer Support Copilot: employees
CT-00129,AI-001,2025-12,employees,People,programme,,CC-CUS-AI,34334.21,AI Customer Support Copilot: employees
CT-00130,AI-001,2026-01,employees,People,programme,,CC-CUS-AI,51092.34,AI Customer Support Copilot: employees
CT-00131,AI-001,2026-01,employees,People,programme,,CC-CUS-AI,34061.56,AI Customer Support Copilot: employees
CT-00132,AI-001,2026-02,employees,People,programme,,CC-CUS-AI,51206.68,AI Customer Support Copilot: employees
CT-00133,AI-001,2026-02,employees,People,programme,,CC-CUS-AI,34137.79,AI Customer Support Copilot: employees
CT-00134,AI-001,2026-03,employees,People,programme,,CC-CUS-AI,52111.95,AI Customer Support Copilot: employees
CT-00135,AI-001,2026-03,employees,People,programme,,CC-CUS-AI,34741.3,AI Customer Support Copilot: employees
CT-00136,AI-001,2026-04,employees,People,programme,,CC-CUS-AI,53340.48,AI Customer Support Copilot: employees
CT-00137,AI-001,2026-04,employees,People,programme,,CC-CUS-AI,35560.32,AI Customer Support Copilot: employees
CT-00138,AI-001,2026-05,employees,People,programme,,CC-CUS-AI,49939.14,AI Customer Support Copilot: employees
CT-00139,AI-001,2026-05,employees,People,programme,,CC-CUS-AI,33292.76,AI Customer Support Copilot: employees
CT-00140,AI-001,2026-06,employees,People,programme,,CC-CUS-AI,52173.71,AI Customer Support Copilot: employees
CT-00141,AI-001,2026-06,employees,People,programme,,CC-CUS-AI,34782.47,AI Customer Support Copilot: employees
CT-00142,AI-001,2026-07,employees,People,programme,,CC-CUS-AI,47850.26,AI Customer Support Copilot: employees
CT-00143,AI-001,2026-07,employees,People,programme,,CC-CUS-AI,31900.18,AI Customer Support Copilot: employees
CT-00144,AI-001,2026-08,employees,People,programme,,CC-CUS-AI,51309.7,AI Customer Support Copilot: employees
CT-00145,AI-001,2026-08,employees,People,programme,,CC-CUS-AI,34206.46,AI Customer Support Copilot: employees
CT-00146,AI-001,2025-09,training,People,programme,V-TRN-F,CC-CUS-AI,16908.58,AI Customer Support Copilot: training
CT-00147,AI-001,2025-10,training,People,programme,V-TRN-F,CC-CUS-AI,17901.75,AI Customer Support Copilot: training
CT-00148,AI-001,2025-11,training,People,programme,V-TRN-F,CC-CUS-AI,11483.27,AI Customer Support Copilot: training
CT-00149,AI-001,2025-12,training,People,programme,V-TRN-F,CC-CUS-AI,12504.44,AI Customer Support Copilot: training
CT-00150,AI-001,2026-01,training,People,programme,V-TRN-F,CC-CUS-AI,11507.55,AI Customer Support Copilot: training
CT-00151,AI-001,2026-02,training,People,programme,V-TRN-F,CC-CUS-AI,11105.36,AI Customer Support Copilot: training
CT-00152,AI-001,2026-03,training,People,programme,V-TRN-F,CC-CUS-AI,11199.35,AI Customer Support Copilot: training
CT-00153,AI-001,2026-04,training,People,programme,V-TRN-F,CC-CUS-AI,11093.91,AI Customer Support Copilot: training
CT-00154,AI-001,2026-05,training,People,programme,V-TRN-F,CC-CUS-AI,11451.23,AI Customer Support Copilot: training
CT-00155,AI-001,2026-06,training,People,programme,V-TRN-F,CC-CUS-AI,11640.3,AI Customer Support Copilot: training
CT-00156,AI-001,2026-07,training,People,programme,V-TRN-F,CC-CUS-AI,11399.14,AI Customer Support Copilot: training
CT-00157,AI-001,2026-08,training,People,programme,V-TRN-F,CC-CUS-AI,11175.68,AI Customer Support Copilot: training
CT-00158,AI-001,2025-09,data,Other,programme,V-DATA-E,CC-CUS-AI,27751.35,AI Customer Support Copilot: data
CT-00159,AI-001,2025-10,data,Other,programme,V-DATA-E,CC-CUS-AI,28490.04,AI Customer Support Copilot: data
CT-00160,AI-001,2025-11,data,Other,programme,V-DATA-E,CC-CUS-AI,18244.25,AI Customer Support Copilot: data
CT-00161,AI-001,2025-12,data,Other,programme,V-DATA-E,CC-CUS-AI,18998.71,AI Customer Support Copilot: data
CT-00162,AI-001,2026-01,data,Other,programme,V-DATA-E,CC-CUS-AI,19878.14,AI Customer Support Copilot: data
CT-00163,AI-001,2026-02,data,Other,programme,V-DATA-E,CC-CUS-AI,19116.52,AI Customer Support Copilot: data
CT-00164,AI-001,2026-03,data,Other,programme,V-DATA-E,CC-CUS-AI,18838.65,AI Customer Support Copilot: data
CT-00165,AI-001,2026-04,data,Other,programme,V-DATA-E,CC-CUS-AI,18999.5,AI Customer Support Copilot: data
CT-00166,AI-001,2026-05,data,Other,programme,V-DATA-E,CC-CUS-AI,20008.09,AI Customer Support Copilot: data
CT-00167,AI-001,2026-06,data,Other,programme,V-DATA-E,CC-CUS-AI,19474.36,AI Customer Support Copilot: data
CT-00168,AI-001,2026-07,data,Other,programme,V-DATA-E,CC-CUS-AI,19937.11,AI Customer Support Copilot: data
CT-00169,AI-001,2026-08,data,Other,programme,V-DATA-E,CC-CUS-AI,18819.87,AI Customer Support Copilot: data
CT-00170,AI-001,2025-11,employees,Incremental operating cost,incremental_opex,,CC-CUS-OPS,30000.0,"AI Customer Support Copilot: business run cost (review, change management, support)"
CT-00171,AI-001,2025-12,employees,Incremental operating cost,incremental_opex,,CC-CUS-OPS,30000.0,"AI Customer Support Copilot: business run cost (review, change management, support)"
CT-00172,AI-001,2026-01,employees,Incremental operating cost,incremental_opex,,CC-CUS-OPS,30000.0,"AI Customer Support Copilot: business run cost (review, change management, support)"
CT-00173,AI-001,2026-02,employees,Incremental operating cost,incremental_opex,,CC-CUS-OPS,30000.0,"AI Customer Support Copilot: business run cost (review, change management, support)"
CT-00174,AI-001,2026-03,employees,Incremental operating cost,incremental_opex,,CC-CUS-OPS,30000.0,"AI Customer Support Copilot: business run cost (review, change management, support)"
CT-00175,AI-001,2026-04,employees,Incremental operating cost,incremental_opex,,CC-CUS-OPS,30000.0,"AI Customer Support Copilot: business run cost (review, change management, support)"
CT-00176,AI-001,2026-05,employees,Incremental operating cost,incremental_opex,,CC-CUS-OPS,30000.0,"AI Customer Support Copilot: business run cost (review, change management, support)"
CT-00177,AI-001,2026-06,employees,Incremental operating cost,incremental_opex,,CC-CUS-OPS,30000.0,"AI Customer Support Copilot: business run cost (review, change management, support)"
CT-00178,AI-001,2026-07,employees,Incremental operating cost,incremental_opex,,CC-CUS-OPS,30000.0,"AI Customer Support Copilot: business run cost (review, change management, support)"
CT-00179,AI-001,2026-08,employees,Incremental operating cost,incremental_opex,,CC-CUS-OPS,30000.0,"AI Customer Support Copilot: business run cost (review, change management, support)"
CT-00180,AI-002,2025-09,gpu,Infrastructure,programme,V-HPE-INF,CC-SAL-AI,19857.87,AI Sales Forecasting: gpu
CT-00181,AI-002,2025-10,gpu,Infrastructure,programme,V-HPE-INF,CC-SAL-AI,18735.64,AI Sales Forecasting: gpu
CT-00182,AI-002,2025-11,gpu,Infrastructure,programme,V-HPE-INF,CC-SAL-AI,19470.96,AI Sales Forecasting: gpu
CT-00183,AI-002,2025-12,gpu,Infrastructure,programme,V-HPE-INF,CC-SAL-AI,20153.34,AI Sales Forecasting: gpu
CT-00184,AI-002,2026-01,gpu,Infrastructure,programme,V-HPE-INF,CC-SAL-AI,13514.95,AI Sales Forecasting: gpu
CT-00185,AI-002,2026-02,gpu,Infrastructure,programme,V-HPE-INF,CC-SAL-AI,13830.09,AI Sales Forecasting: gpu
CT-00186,AI-002,2026-03,gpu,Infrastructure,programme,V-HPE-INF,CC-SAL-AI,13410.64,AI Sales Forecasting: gpu
CT-00187,AI-002,2026-04,gpu,Infrastructure,programme,V-HPE-INF,CC-SAL-AI,13185.48,AI Sales Forecasting: gpu
CT-00188,AI-002,2026-05,gpu,Infrastructure,programme,V-HPE-INF,CC-SAL-AI,13845.72,AI Sales Forecasting: gpu
CT-00189,AI-002,2026-06,gpu,Infrastructure,programme,V-HPE-INF,CC-SAL-AI,12837.53,AI Sales Forecasting: gpu
CT-00190,AI-002,2026-07,gpu,Infrastructure,programme,V-HPE-INF,CC-SAL-AI,12088.38,AI Sales Forecasting: gpu
CT-00191,AI-002,2026-08,gpu,Infrastructure,programme,V-HPE-INF,CC-SAL-AI,12981.16,AI Sales Forecasting: gpu
CT-00192,AI-002,2025-09,compute,Infrastructure,programme,V-HPE-INF,CC-SAL-AI,17097.14,AI Sales Forecasting: compute
CT-00193,AI-002,2025-10,compute,Infrastructure,programme,V-HPE-INF,CC-SAL-AI,16238.28,AI Sales Forecasting: compute
CT-00194,AI-002,2025-11,compute,Infrastructure,programme,V-HPE-INF,CC-SAL-AI,15829.91,AI Sales Forecasting: compute
CT-00195,AI-002,2025-12,compute,Infrastructure,programme,V-HPE-INF,CC-SAL-AI,17298.86,AI Sales Forecasting: compute
CT-00196,AI-002,2026-01,compute,Infrastructure,programme,V-HPE-INF,CC-SAL-AI,11173.72,AI Sales Forecasting: compute
CT-00197,AI-002,2026-02,compute,Infrastructure,programme,V-HPE-INF,CC-SAL-AI,11817.42,AI Sales Forecasting: compute
CT-00198,AI-002,2026-03,compute,Infrastructure,programme,V-HPE-INF,CC-SAL-AI,10335.03,AI Sales Forecasting: compute
CT-00199,AI-002,2026-04,compute,Infrastructure,programme,V-HPE-INF,CC-SAL-AI,11432.61,AI Sales Forecasting: compute
CT-00200,AI-002,2026-05,compute,Infrastructure,programme,V-HPE-INF,CC-SAL-AI,11243.7,AI Sales Forecasting: compute
CT-00201,AI-002,2026-06,compute,Infrastructure,programme,V-HPE-INF,CC-SAL-AI,11411.4,AI Sales Forecasting: compute
CT-00202,AI-002,2026-07,compute,Infrastructure,programme,V-HPE-INF,CC-SAL-AI,11431.06,AI Sales Forecasting: compute
CT-00203,AI-002,2026-08,compute,Infrastructure,programme,V-HPE-INF,CC-SAL-AI,10775.43,AI Sales Forecasting: compute
CT-00204,AI-002,2025-09,storage,Infrastructure,programme,V-HPE-INF,CC-SAL-AI,13377.61,AI Sales Forecasting: storage
CT-00205,AI-002,2025-10,storage,Infrastructure,programme,V-HPE-INF,CC-SAL-AI,13711.41,AI Sales Forecasting: storage
CT-00206,AI-002,2025-11,storage,Infrastructure,programme,V-HPE-INF,CC-SAL-AI,13681.56,AI Sales Forecasting: storage
CT-00207,AI-002,2025-12,storage,Infrastructure,programme,V-HPE-INF,CC-SAL-AI,14054.25,AI Sales Forecasting: storage
CT-00208,AI-002,2026-01,storage,Infrastructure,programme,V-HPE-INF,CC-SAL-AI,8414.61,AI Sales Forecasting: storage
CT-00209,AI-002,2026-02,storage,Infrastructure,programme,V-HPE-INF,CC-SAL-AI,8138.94,AI Sales Forecasting: storage
CT-00210,AI-002,2026-03,storage,Infrastructure,programme,V-HPE-INF,CC-SAL-AI,9652.93,AI Sales Forecasting: storage
CT-00211,AI-002,2026-04,storage,Infrastructure,programme,V-HPE-INF,CC-SAL-AI,8721.05,AI Sales Forecasting: storage
CT-00212,AI-002,2026-05,storage,Infrastructure,programme,V-HPE-INF,CC-SAL-AI,8540.11,AI Sales Forecasting: storage
CT-00213,AI-002,2026-06,storage,Infrastructure,programme,V-HPE-INF,CC-SAL-AI,8822.18,AI Sales Forecasting: storage
CT-00214,AI-002,2026-07,storage,Infrastructure,programme,V-HPE-INF,CC-SAL-AI,9200.71,AI Sales Forecasting: storage
CT-00215,AI-002,2026-08,storage,Infrastructure,programme,V-HPE-INF,CC-SAL-AI,9138.11,AI Sales Forecasting: storage
CT-00216,AI-002,2025-09,networking,Infrastructure,programme,V-HPE-NET,CC-SAL-AI,6601.62,AI Sales Forecasting: networking
CT-00217,AI-002,2025-10,networking,Infrastructure,programme,V-HPE-NET,CC-SAL-AI,6843.17,AI Sales Forecasting: networking
CT-00218,AI-002,2025-11,networking,Infrastructure,programme,V-HPE-NET,CC-SAL-AI,6479.87,AI Sales Forecasting: networking
CT-00219,AI-002,2025-12,networking,Infrastructure,programme,V-HPE-NET,CC-SAL-AI,6561.25,AI Sales Forecasting: networking
CT-00220,AI-002,2026-01,networking,Infrastructure,programme,V-HPE-NET,CC-SAL-AI,4552.26,AI Sales Forecasting: networking
CT-00221,AI-002,2026-02,networking,Infrastructure,programme,V-HPE-NET,CC-SAL-AI,4332.5,AI Sales Forecasting: networking
CT-00222,AI-002,2026-03,networking,Infrastructure,programme,V-HPE-NET,CC-SAL-AI,4116.26,AI Sales Forecasting: networking
CT-00223,AI-002,2026-04,networking,Infrastructure,programme,V-HPE-NET,CC-SAL-AI,4554.82,AI Sales Forecasting: networking
CT-00224,AI-002,2026-05,networking,Infrastructure,programme,V-HPE-NET,CC-SAL-AI,4650.41,AI Sales Forecasting: networking
CT-00225,AI-002,2026-06,networking,Infrastructure,programme,V-HPE-NET,CC-SAL-AI,4854.89,AI Sales Forecasting: networking
CT-00226,AI-002,2026-07,networking,Infrastructure,programme,V-HPE-NET,CC-SAL-AI,4165.61,AI Sales Forecasting: networking
CT-00227,AI-002,2026-08,networking,Infrastructure,programme,V-HPE-NET,CC-SAL-AI,4396.01,AI Sales Forecasting: networking
CT-00228,AI-002,2025-09,software,Software,programme,V-SW-A,CC-SAL-AI,25825.27,AI Sales Forecasting: software
CT-00229,AI-002,2025-10,software,Software,programme,V-SW-A,CC-SAL-AI,27635.17,AI Sales Forecasting: software
CT-00230,AI-002,2025-11,software,Software,programme,V-SW-A,CC-SAL-AI,26302.43,AI Sales Forecasting: software
CT-00231,AI-002,2025-12,software,Software,programme,V-SW-A,CC-SAL-AI,25529.94,AI Sales Forecasting: software
CT-00232,AI-002,2026-01,software,Software,programme,V-SW-A,CC-SAL-AI,16623.33,AI Sales Forecasting: software
CT-00233,AI-002,2026-02,software,Software,programme,V-SW-A,CC-SAL-AI,17969.3,AI Sales Forecasting: software
CT-00234,AI-002,2026-03,software,Software,programme,V-SW-A,CC-SAL-AI,18088.65,AI Sales Forecasting: software
CT-00235,AI-002,2026-04,software,Software,programme,V-SW-A,CC-SAL-AI,16396.33,AI Sales Forecasting: software
CT-00236,AI-002,2026-05,software,Software,programme,V-SW-A,CC-SAL-AI,17492.93,AI Sales Forecasting: software
CT-00237,AI-002,2026-06,software,Software,programme,V-SW-A,CC-SAL-AI,17214.64,AI Sales Forecasting: software
CT-00238,AI-002,2026-07,software,Software,programme,V-SW-A,CC-SAL-AI,17596.52,AI Sales Forecasting: software
CT-00239,AI-002,2026-08,software,Software,programme,V-SW-A,CC-SAL-AI,17633.0,AI Sales Forecasting: software
CT-00240,AI-002,2025-09,saas,Software,programme,V-SAAS-B,CC-SAL-AI,20931.74,AI Sales Forecasting: saas
CT-00241,AI-002,2025-10,saas,Software,programme,V-SAAS-B,CC-SAL-AI,20204.51,AI Sales Forecasting: saas
CT-00242,AI-002,2025-11,saas,Software,programme,V-SAAS-B,CC-SAL-AI,19672.08,AI Sales Forecasting: saas
CT-00243,AI-002,2025-12,saas,Software,programme,V-SAAS-B,CC-SAL-AI,18936.98,AI Sales Forecasting: saas
CT-00244,AI-002,2026-01,saas,Software,programme,V-SAAS-B,CC-SAL-AI,12940.05,AI Sales Forecasting: saas
CT-00245,AI-002,2026-02,saas,Software,programme,V-SAAS-B,CC-SAL-AI,13471.61,AI Sales Forecasting: saas
CT-00246,AI-002,2026-03,saas,Software,programme,V-SAAS-B,CC-SAL-AI,12978.95,AI Sales Forecasting: saas
CT-00247,AI-002,2026-04,saas,Software,programme,V-SAAS-B,CC-SAL-AI,13175.47,AI Sales Forecasting: saas
CT-00248,AI-002,2026-05,saas,Software,programme,V-SAAS-B,CC-SAL-AI,13406.0,AI Sales Forecasting: saas
CT-00249,AI-002,2026-06,saas,Software,programme,V-SAAS-B,CC-SAL-AI,13097.72,AI Sales Forecasting: saas
CT-00250,AI-002,2026-07,saas,Software,programme,V-SAAS-B,CC-SAL-AI,13994.91,AI Sales Forecasting: saas
CT-00251,AI-002,2026-08,saas,Software,programme,V-SAAS-B,CC-SAL-AI,13209.02,AI Sales Forecasting: saas
CT-00252,AI-002,2025-09,cloud,Cloud,programme,V-HPE-GL,CC-SAL-AI,47365.01,AI Sales Forecasting: cloud
CT-00253,AI-002,2025-09,cloud,Cloud,programme,V-HPE-GL,CC-SAL-AI,31576.67,AI Sales Forecasting: cloud
CT-00254,AI-002,2025-10,cloud,Cloud,programme,V-HPE-GL,CC-SAL-AI,45592.87,AI Sales Forecasting: cloud
CT-00255,AI-002,2025-10,cloud,Cloud,programme,V-HPE-GL,CC-SAL-AI,30395.25,AI Sales Forecasting: cloud
CT-00256,AI-002,2025-11,cloud,Cloud,programme,V-HPE-GL,CC-SAL-AI,49353.33,AI Sales Forecasting: cloud
CT-00257,AI-002,2025-11,cloud,Cloud,programme,V-HPE-GL,CC-SAL-AI,32902.22,AI Sales Forecasting: cloud
CT-00258,AI-002,2025-12,cloud,Cloud,programme,V-HPE-GL,CC-SAL-AI,47983.19,AI Sales Forecasting: cloud
CT-00259,AI-002,2025-12,cloud,Cloud,programme,V-HPE-GL,CC-SAL-AI,31988.8,AI Sales Forecasting: cloud
CT-00260,AI-002,2026-01,cloud,Cloud,programme,V-HPE-GL,CC-SAL-AI,55105.31,AI Sales Forecasting: cloud
CT-00261,AI-002,2026-02,cloud,Cloud,programme,V-HPE-GL,CC-SAL-AI,54721.81,AI Sales Forecasting: cloud
CT-00262,AI-002,2026-03,cloud,Cloud,programme,V-HPE-GL,CC-SAL-AI,54598.97,AI Sales Forecasting: cloud
CT-00263,AI-002,2026-04,cloud,Cloud,programme,V-HPE-GL,CC-SAL-AI,55572.51,AI Sales Forecasting: cloud
CT-00264,AI-002,2026-05,cloud,Cloud,programme,V-HPE-GL,CC-SAL-AI,48711.8,AI Sales Forecasting: cloud
CT-00265,AI-002,2026-06,cloud,Cloud,programme,V-HPE-GL,CC-SAL-AI,51519.88,AI Sales Forecasting: cloud
CT-00266,AI-002,2026-07,cloud,Cloud,programme,V-HPE-GL,CC-SAL-AI,52187.63,AI Sales Forecasting: cloud
CT-00267,AI-002,2026-08,cloud,Cloud,programme,V-HPE-GL,CC-SAL-AI,55780.43,AI Sales Forecasting: cloud
CT-00268,AI-002,2025-09,vendors,Services,programme,V-SVC-D,CC-SAL-AI,16620.44,AI Sales Forecasting: vendors
CT-00269,AI-002,2025-10,vendors,Services,programme,V-SVC-D,CC-SAL-AI,16018.85,AI Sales Forecasting: vendors
CT-00270,AI-002,2025-11,vendors,Services,programme,V-SVC-D,CC-SAL-AI,15943.19,AI Sales Forecasting: vendors
CT-00271,AI-002,2025-12,vendors,Services,programme,V-SVC-D,CC-SAL-AI,17164.51,AI Sales Forecasting: vendors
CT-00272,AI-002,2026-01,vendors,Services,programme,V-SVC-D,CC-SAL-AI,10639.76,AI Sales Forecasting: vendors
CT-00273,AI-002,2026-02,vendors,Services,programme,V-SVC-D,CC-SAL-AI,11361.66,AI Sales Forecasting: vendors
CT-00274,AI-002,2026-03,vendors,Services,programme,V-SVC-D,CC-SAL-AI,10948.62,AI Sales Forecasting: vendors
CT-00275,AI-002,2026-04,vendors,Services,programme,V-SVC-D,CC-SAL-AI,11579.76,AI Sales Forecasting: vendors
CT-00276,AI-002,2026-05,vendors,Services,programme,V-SVC-D,CC-SAL-AI,11171.22,AI Sales Forecasting: vendors
CT-00277,AI-002,2026-06,vendors,Services,programme,V-SVC-D,CC-SAL-AI,10716.82,AI Sales Forecasting: vendors
CT-00278,AI-002,2026-07,vendors,Services,programme,V-SVC-D,CC-SAL-AI,10282.55,AI Sales Forecasting: vendors
CT-00279,AI-002,2026-08,vendors,Services,programme,V-SVC-D,CC-SAL-AI,10982.93,AI Sales Forecasting: vendors
CT-00280,AI-002,2025-09,consulting,Services,programme,V-SI-C,CC-SAL-AI,28837.13,AI Sales Forecasting: consulting
CT-00281,AI-002,2025-10,consulting,Services,programme,V-SI-C,CC-SAL-AI,29355.36,AI Sales Forecasting: consulting
CT-00282,AI-002,2025-11,consulting,Services,programme,V-SI-C,CC-SAL-AI,30644.27,AI Sales Forecasting: consulting
CT-00283,AI-002,2025-12,consulting,Services,programme,V-SI-C,CC-SAL-AI,29474.5,AI Sales Forecasting: consulting
CT-00284,AI-002,2026-01,consulting,Services,programme,V-SI-C,CC-SAL-AI,19766.22,AI Sales Forecasting: consulting
CT-00285,AI-002,2026-02,consulting,Services,programme,V-SI-C,CC-SAL-AI,22023.39,AI Sales Forecasting: consulting
CT-00286,AI-002,2026-03,consulting,Services,programme,V-SI-C,CC-SAL-AI,19260.04,AI Sales Forecasting: consulting
CT-00287,AI-002,2026-04,consulting,Services,programme,V-SI-C,CC-SAL-AI,20546.64,AI Sales Forecasting: consulting
CT-00288,AI-002,2026-05,consulting,Services,programme,V-SI-C,CC-SAL-AI,19302.56,AI Sales Forecasting: consulting
CT-00289,AI-002,2026-06,consulting,Services,programme,V-SI-C,CC-SAL-AI,21175.28,AI Sales Forecasting: consulting
CT-00290,AI-002,2026-07,consulting,Services,programme,V-SI-C,CC-SAL-AI,20673.65,AI Sales Forecasting: consulting
CT-00291,AI-002,2026-08,consulting,Services,programme,V-SI-C,CC-SAL-AI,20512.65,AI Sales Forecasting: consulting
CT-00292,AI-002,2025-09,employees,People,programme,,CC-SAL-AI,43888.81,AI Sales Forecasting: employees
CT-00293,AI-002,2025-09,employees,People,programme,,CC-SAL-AI,29259.21,AI Sales Forecasting: employees
CT-00294,AI-002,2025-10,employees,People,programme,,CC-SAL-AI,46040.48,AI Sales Forecasting: employees
CT-00295,AI-002,2025-10,employees,People,programme,,CC-SAL-AI,30693.65,AI Sales Forecasting: employees
CT-00296,AI-002,2025-11,employees,People,programme,,CC-SAL-AI,44760.9,AI Sales Forecasting: employees
CT-00297,AI-002,2025-11,employees,People,programme,,CC-SAL-AI,29840.6,AI Sales Forecasting: employees
CT-00298,AI-002,2025-12,employees,People,programme,,CC-SAL-AI,45101.41,AI Sales Forecasting: employees
CT-00299,AI-002,2025-12,employees,People,programme,,CC-SAL-AI,30067.6,AI Sales Forecasting: employees
CT-00300,AI-002,2026-01,employees,People,programme,,CC-SAL-AI,48301.19,AI Sales Forecasting: employees
CT-00301,AI-002,2026-02,employees,People,programme,,CC-SAL-AI,49587.54,AI Sales Forecasting: employees
CT-00302,AI-002,2026-03,employees,People,programme,,CC-SAL-AI,53777.15,AI Sales Forecasting: employees
CT-00303,AI-002,2026-04,employees,People,programme,,CC-SAL-AI,50824.02,AI Sales Forecasting: employees
CT-00304,AI-002,2026-05,employees,People,programme,,CC-SAL-AI,56192.65,AI Sales Forecasting: employees
CT-00305,AI-002,2026-06,employees,People,programme,,CC-SAL-AI,51195.02,AI Sales Forecasting: employees
CT-00306,AI-002,2026-07,employees,People,programme,,CC-SAL-AI,50656.53,AI Sales Forecasting: employees
CT-00307,AI-002,2026-08,employees,People,programme,,CC-SAL-AI,51559.89,AI Sales Forecasting: employees
CT-00308,AI-002,2025-09,training,People,programme,V-TRN-F,CC-SAL-AI,10194.66,AI Sales Forecasting: training
CT-00309,AI-002,2025-10,training,People,programme,V-TRN-F,CC-SAL-AI,9348.77,AI Sales Forecasting: training
CT-00310,AI-002,2025-11,training,People,programme,V-TRN-F,CC-SAL-AI,10245.86,AI Sales Forecasting: training
CT-00311,AI-002,2025-12,training,People,programme,V-TRN-F,CC-SAL-AI,9528.25,AI Sales Forecasting: training
CT-00312,AI-002,2026-01,training,People,programme,V-TRN-F,CC-SAL-AI,6395.47,AI Sales Forecasting: training
CT-00313,AI-002,2026-02,training,People,programme,V-TRN-F,CC-SAL-AI,6483.36,AI Sales Forecasting: training
CT-00314,AI-002,2026-03,training,People,programme,V-TRN-F,CC-SAL-AI,6763.86,AI Sales Forecasting: training
CT-00315,AI-002,2026-04,training,People,programme,V-TRN-F,CC-SAL-AI,6651.62,AI Sales Forecasting: training
CT-00316,AI-002,2026-05,training,People,programme,V-TRN-F,CC-SAL-AI,6961.87,AI Sales Forecasting: training
CT-00317,AI-002,2026-06,training,People,programme,V-TRN-F,CC-SAL-AI,6650.85,AI Sales Forecasting: training
CT-00318,AI-002,2026-07,training,People,programme,V-TRN-F,CC-SAL-AI,6741.31,AI Sales Forecasting: training
CT-00319,AI-002,2026-08,training,People,programme,V-TRN-F,CC-SAL-AI,6488.57,AI Sales Forecasting: training
CT-00320,AI-002,2025-09,data,Other,programme,V-DATA-E,CC-SAL-AI,15721.78,AI Sales Forecasting: data
CT-00321,AI-002,2025-10,data,Other,programme,V-DATA-E,CC-SAL-AI,17274.5,AI Sales Forecasting: data
CT-00322,AI-002,2025-11,data,Other,programme,V-DATA-E,CC-SAL-AI,16162.51,AI Sales Forecasting: data
CT-00323,AI-002,2025-12,data,Other,programme,V-DATA-E,CC-SAL-AI,17988.92,AI Sales Forecasting: data
CT-00324,AI-002,2026-01,data,Other,programme,V-DATA-E,CC-SAL-AI,11031.62,AI Sales Forecasting: data
CT-00325,AI-002,2026-02,data,Other,programme,V-DATA-E,CC-SAL-AI,11217.69,AI Sales Forecasting: data
CT-00326,AI-002,2026-03,data,Other,programme,V-DATA-E,CC-SAL-AI,11284.89,AI Sales Forecasting: data
CT-00327,AI-002,2026-04,data,Other,programme,V-DATA-E,CC-SAL-AI,11418.62,AI Sales Forecasting: data
CT-00328,AI-002,2026-05,data,Other,programme,V-DATA-E,CC-SAL-AI,11612.57,AI Sales Forecasting: data
CT-00329,AI-002,2026-06,data,Other,programme,V-DATA-E,CC-SAL-AI,10749.79,AI Sales Forecasting: data
CT-00330,AI-002,2026-07,data,Other,programme,V-DATA-E,CC-SAL-AI,11710.39,AI Sales Forecasting: data
CT-00331,AI-002,2026-08,data,Other,programme,V-DATA-E,CC-SAL-AI,11382.93,AI Sales Forecasting: data
CT-00332,AI-002,2026-01,employees,Incremental operating cost,incremental_opex,,CC-SAL-OPS,17500.0,"AI Sales Forecasting: business run cost (review, change management, support)"
CT-00333,AI-002,2026-02,employees,Incremental operating cost,incremental_opex,,CC-SAL-OPS,17500.0,"AI Sales Forecasting: business run cost (review, change management, support)"
CT-00334,AI-002,2026-03,employees,Incremental operating cost,incremental_opex,,CC-SAL-OPS,17500.0,"AI Sales Forecasting: business run cost (review, change management, support)"
CT-00335,AI-002,2026-04,employees,Incremental operating cost,incremental_opex,,CC-SAL-OPS,17500.0,"AI Sales Forecasting: business run cost (review, change management, support)"
CT-00336,AI-002,2026-05,employees,Incremental operating cost,incremental_opex,,CC-SAL-OPS,17500.0,"AI Sales Forecasting: business run cost (review, change management, support)"
CT-00337,AI-002,2026-06,employees,Incremental operating cost,incremental_opex,,CC-SAL-OPS,17500.0,"AI Sales Forecasting: business run cost (review, change management, support)"
CT-00338,AI-002,2026-07,employees,Incremental operating cost,incremental_opex,,CC-SAL-OPS,17500.0,"AI Sales Forecasting: business run cost (review, change management, support)"
CT-00339,AI-002,2026-08,employees,Incremental operating cost,incremental_opex,,CC-SAL-OPS,17500.0,"AI Sales Forecasting: business run cost (review, change management, support)"
CT-00340,AI-003,2025-09,gpu,Infrastructure,programme,V-HPE-INF,CC-SCM-AI,105230.12,Supply Chain AI Optimisation: gpu
CT-00341,AI-003,2025-09,gpu,Infrastructure,programme,V-HPE-INF,CC-SCM-AI,70153.42,Supply Chain AI Optimisation: gpu
CT-00342,AI-003,2025-10,gpu,Infrastructure,programme,V-HPE-INF,CC-SCM-AI,106152.22,Supply Chain AI Optimisation: gpu
CT-00343,AI-003,2025-10,gpu,Infrastructure,programme,V-HPE-INF,CC-SCM-AI,70768.15,Supply Chain AI Optimisation: gpu
CT-00344,AI-003,2025-11,gpu,Infrastructure,programme,V-HPE-INF,CC-SCM-AI,106287.54,Supply Chain AI Optimisation: gpu
CT-00345,AI-003,2025-11,gpu,Infrastructure,programme,V-HPE-INF,CC-SCM-AI,70858.36,Supply Chain AI Optimisation: gpu
CT-00346,AI-003,2025-12,gpu,Infrastructure,programme,V-HPE-INF,CC-SCM-AI,108984.14,Supply Chain AI Optimisation: gpu
CT-00347,AI-003,2025-12,gpu,Infrastructure,programme,V-HPE-INF,CC-SCM-AI,72656.09,Supply Chain AI Optimisation: gpu
CT-00348,AI-003,2026-01,gpu,Infrastructure,programme,V-HPE-INF,CC-SCM-AI,103130.32,Supply Chain AI Optimisation: gpu
CT-00349,AI-003,2026-01,gpu,Infrastructure,programme,V-HPE-INF,CC-SCM-AI,68753.54,Supply Chain AI Optimisation: gpu
CT-00350,AI-003,2026-02,gpu,Infrastructure,programme,V-HPE-INF,CC-SCM-AI,72817.34,Supply Chain AI Optimisation: gpu
CT-00351,AI-003,2026-02,gpu,Infrastructure,programme,V-HPE-INF,CC-SCM-AI,48544.89,Supply Chain AI Optimisation: gpu
CT-00352,AI-003,2026-03,gpu,Infrastructure,programme,V-HPE-INF,CC-SCM-AI,68197.23,Supply Chain AI Optimisation: gpu
CT-00353,AI-003,2026-03,gpu,Infrastructure,programme,V-HPE-INF,CC-SCM-AI,45464.82,Supply Chain AI Optimisation: gpu
CT-00354,AI-003,2026-04,gpu,Infrastructure,programme,V-HPE-INF,CC-SCM-AI,74576.04,Supply Chain AI Optimisation: gpu
CT-00355,AI-003,2026-04,gpu,Infrastructure,programme,V-HPE-INF,CC-SCM-AI,49717.36,Supply Chain AI Optimisation: gpu
CT-00356,AI-003,2026-05,gpu,Infrastructure,programme,V-HPE-INF,CC-SCM-AI,69313.23,Supply Chain AI Optimisation: gpu
CT-00357,AI-003,2026-05,gpu,Infrastructure,programme,V-HPE-INF,CC-SCM-AI,46208.82,Supply Chain AI Optimisation: gpu
CT-00358,AI-003,2026-06,gpu,Infrastructure,programme,V-HPE-INF,CC-SCM-AI,148015.47,Supply Chain AI Optimisation: gpu
CT-00359,AI-003,2026-06,gpu,Infrastructure,programme,V-HPE-INF,CC-SCM-AI,98676.98,Supply Chain AI Optimisation: gpu
CT-00360,AI-003,2026-07,gpu,Infrastructure,programme,V-HPE-INF,CC-SCM-AI,149521.4,Supply Chain AI Optimisation: gpu
CT-00361,AI-003,2026-07,gpu,Infrastructure,programme,V-HPE-INF,CC-SCM-AI,99680.93,Supply Chain AI Optimisation: gpu
CT-00362,AI-003,2026-08,gpu,Infrastructure,programme,V-HPE-INF,CC-SCM-AI,140445.73,Supply Chain AI Optimisation: gpu
CT-00363,AI-003,2026-08,gpu,Infrastructure,programme,V-HPE-INF,CC-SCM-AI,93630.49,Supply Chain AI Optimisation: gpu
CT-00364,AI-003,2025-09,compute,Infrastructure,programme,V-HPE-INF,CC-SCM-AI,37686.92,Supply Chain AI Optimisation: compute
CT-00365,AI-003,2025-09,compute,Infrastructure,programme,V-HPE-INF,CC-SCM-AI,25124.62,Supply Chain AI Optimisation: compute
CT-00366,AI-003,2025-10,compute,Infrastructure,programme,V-HPE-INF,CC-SCM-AI,59797.42,Supply Chain AI Optimisation: compute
CT-00367,AI-003,2025-11,compute,Infrastructure,programme,V-HPE-INF,CC-SCM-AI,37054.31,Supply Chain AI Optimisation: compute
CT-00368,AI-003,2025-11,compute,Infrastructure,programme,V-HPE-INF,CC-SCM-AI,24702.88,Supply Chain AI Optimisation: compute
CT-00369,AI-003,2025-12,compute,Infrastructure,programme,V-HPE-INF,CC-SCM-AI,38285.44,Supply Chain AI Optimisation: compute
CT-00370,AI-003,2025-12,compute,Infrastructure,programme,V-HPE-INF,CC-SCM-AI,25523.63,Supply Chain AI Optimisation: compute
CT-00371,AI-003,2026-01,compute,Infrastructure,programme,V-HPE-INF,CC-SCM-AI,37383.02,Supply Chain AI Optimisation: compute
CT-00372,AI-003,2026-01,compute,Infrastructure,programme,V-HPE-INF,CC-SCM-AI,24922.02,Supply Chain AI Optimisation: compute
CT-00373,AI-003,2026-02,compute,Infrastructure,programme,V-HPE-INF,CC-SCM-AI,42272.11,Supply Chain AI Optimisation: compute
CT-00374,AI-003,2026-03,compute,Infrastructure,programme,V-HPE-INF,CC-SCM-AI,43377.26,Supply Chain AI Optimisation: compute
CT-00375,AI-003,2026-04,compute,Infrastructure,programme,V-HPE-INF,CC-SCM-AI,46468.63,Supply Chain AI Optimisation: compute
CT-00376,AI-003,2026-05,compute,Infrastructure,programme,V-HPE-INF,CC-SCM-AI,43697.97,Supply Chain AI Optimisation: compute
CT-00377,AI-003,2026-06,compute,Infrastructure,programme,V-HPE-INF,CC-SCM-AI,49888.98,Supply Chain AI Optimisation: compute
CT-00378,AI-003,2026-06,compute,Infrastructure,programme,V-HPE-INF,CC-SCM-AI,33259.32,Supply Chain AI Optimisation: compute
CT-00379,AI-003,2026-07,compute,Infrastructure,programme,V-HPE-INF,CC-SCM-AI,48233.37,Supply Chain AI Optimisation: compute
CT-00380,AI-003,2026-07,compute,Infrastructure,programme,V-HPE-INF,CC-SCM-AI,32155.58,Supply Chain AI Optimisation: compute
CT-00381,AI-003,2026-08,compute,Infrastructure,programme,V-HPE-INF,CC-SCM-AI,46279.24,Supply Chain AI Optimisation: compute
CT-00382,AI-003,2026-08,compute,Infrastructure,programme,V-HPE-INF,CC-SCM-AI,30852.83,Supply Chain AI Optimisation: compute
CT-00383,AI-003,2025-09,storage,Infrastructure,programme,V-HPE-INF,CC-SCM-AI,59078.9,Supply Chain AI Optimisation: storage
CT-00384,AI-003,2025-10,storage,Infrastructure,programme,V-HPE-INF,CC-SCM-AI,53648.48,Supply Chain AI Optimisation: storage
CT-00385,AI-003,2025-11,storage,Infrastructure,programme,V-HPE-INF,CC-SCM-AI,54105.71,Supply Chain AI Optimisation: storage
CT-00386,AI-003,2025-12,storage,Infrastructure,programme,V-HPE-INF,CC-SCM-AI,47681.08,Supply Chain AI Optimisation: storage
CT-00387,AI-003,2026-01,storage,Infrastructure,programme,V-HPE-INF,CC-SCM-AI,53170.12,Supply Chain AI Optimisation: storage
CT-00388,AI-003,2026-02,storage,Infrastructure,programme,V-HPE-INF,CC-SCM-AI,37639.57,Supply Chain AI Optimisation: storage
CT-00389,AI-003,2026-03,storage,Infrastructure,programme,V-HPE-INF,CC-SCM-AI,38317.92,Supply Chain AI Optimisation: storage
CT-00390,AI-003,2026-04,storage,Infrastructure,programme,V-HPE-INF,CC-SCM-AI,36587.84,Supply Chain AI Optimisation: storage
CT-00391,AI-003,2026-05,storage,Infrastructure,programme,V-HPE-INF,CC-SCM-AI,35749.53,Supply Chain AI Optimisation: storage
CT-00392,AI-003,2026-06,storage,Infrastructure,programme,V-HPE-INF,CC-SCM-AI,57490.28,Supply Chain AI Optimisation: storage
CT-00393,AI-003,2026-07,storage,Infrastructure,programme,V-HPE-INF,CC-SCM-AI,55583.94,Supply Chain AI Optimisation: storage
CT-00394,AI-003,2026-08,storage,Infrastructure,programme,V-HPE-INF,CC-SCM-AI,36841.7,Supply Chain AI Optimisation: storage
CT-00395,AI-003,2026-08,storage,Infrastructure,programme,V-HPE-INF,CC-SCM-AI,24561.13,Supply Chain AI Optimisation: storage
CT-00396,AI-003,2025-09,networking,Infrastructure,programme,V-HPE-NET,CC-SCM-AI,32339.84,Supply Chain AI Optimisation: networking
CT-00397,AI-003,2025-10,networking,Infrastructure,programme,V-HPE-NET,CC-SCM-AI,32329.08,Supply Chain AI Optimisation: networking
CT-00398,AI-003,2025-11,networking,Infrastructure,programme,V-HPE-NET,CC-SCM-AI,33359.73,Supply Chain AI Optimisation: networking
CT-00399,AI-003,2025-12,networking,Infrastructure,programme,V-HPE-NET,CC-SCM-AI,33554.83,Supply Chain AI Optimisation: networking
CT-00400,AI-003,2026-01,networking,Infrastructure,programme,V-HPE-NET,CC-SCM-AI,30938.83,Supply Chain AI Optimisation: networking
CT-00401,AI-003,2026-02,networking,Infrastructure,programme,V-HPE-NET,CC-SCM-AI,21616.17,Supply Chain AI Optimisation: networking
CT-00402,AI-003,2026-03,networking,Infrastructure,programme,V-HPE-NET,CC-SCM-AI,22431.48,Supply Chain AI Optimisation: networking
CT-00403,AI-003,2026-04,networking,Infrastructure,programme,V-HPE-NET,CC-SCM-AI,21378.97,Supply Chain AI Optimisation: networking
CT-00404,AI-003,2026-05,networking,Infrastructure,programme,V-HPE-NET,CC-SCM-AI,20315.11,Supply Chain AI Optimisation: networking
CT-00405,AI-003,2026-06,networking,Infrastructure,programme,V-HPE-NET,CC-SCM-AI,22778.53,Supply Chain AI Optimisation: networking
CT-00406,AI-003,2026-07,networking,Infrastructure,programme,V-HPE-NET,CC-SCM-AI,23092.84,Supply Chain AI Optimisation: networking
CT-00407,AI-003,2026-08,networking,Infrastructure,programme,V-HPE-NET,CC-SCM-AI,20551.91,Supply Chain AI Optimisation: networking
CT-00408,AI-003,2025-09,software,Software,programme,V-SW-A,CC-SCM-AI,48054.82,Supply Chain AI Optimisation: software
CT-00409,AI-003,2025-09,software,Software,programme,V-SW-A,CC-SCM-AI,32036.55,Supply Chain AI Optimisation: software
CT-00410,AI-003,2025-10,software,Software,programme,V-SW-A,CC-SCM-AI,49060.75,Supply Chain AI Optimisation: software
CT-00411,AI-003,2025-10,software,Software,programme,V-SW-A,CC-SCM-AI,32707.16,Supply Chain AI Optimisation: software
CT-00412,AI-003,2025-11,software,Software,programme,V-SW-A,CC-SCM-AI,45434.52,Supply Chain AI Optimisation: software
CT-00413,AI-003,2025-11,software,Software,programme,V-SW-A,CC-SCM-AI,30289.68,Supply Chain AI Optimisation: software
CT-00414,AI-003,2025-12,software,Software,programme,V-SW-A,CC-SCM-AI,48929.02,Supply Chain AI Optimisation: software
CT-00415,AI-003,2025-12,software,Software,programme,V-SW-A,CC-SCM-AI,32619.35,Supply Chain AI Optimisation: software
CT-00416,AI-003,2026-01,software,Software,programme,V-SW-A,CC-SCM-AI,46167.34,Supply Chain AI Optimisation: software
CT-00417,AI-003,2026-01,software,Software,programme,V-SW-A,CC-SCM-AI,30778.22,Supply Chain AI Optimisation: software
CT-00418,AI-003,2026-02,software,Software,programme,V-SW-A,CC-SCM-AI,53477.58,Supply Chain AI Optimisation: software
CT-00419,AI-003,2026-03,software,Software,programme,V-SW-A,CC-SCM-AI,54119.01,Supply Chain AI Optimisation: software
CT-00420,AI-003,2026-04,software,Software,programme,V-SW-A,CC-SCM-AI,56408.07,Supply Chain AI Optimisation: software
CT-00421,AI-003,2026-05,software,Software,programme,V-SW-A,CC-SCM-AI,48720.41,Supply Chain AI Optimisation: software
CT-00422,AI-003,2026-06,software,Software,programme,V-SW-A,CC-SCM-AI,55125.09,Supply Chain AI Optimisation: software
CT-00423,AI-003,2026-07,software,Software,programme,V-SW-A,CC-SCM-AI,55329.0,Supply Chain AI Optimisation: software
CT-00424,AI-003,2026-08,software,Software,programme,V-SW-A,CC-SCM-AI,54977.82,Supply Chain AI Optimisation: software
CT-00425,AI-003,2025-09,saas,Software,programme,V-SAAS-B,CC-SCM-AI,16540.18,Supply Chain AI Optimisation: saas
CT-00426,AI-003,2025-10,saas,Software,programme,V-SAAS-B,CC-SCM-AI,15533.33,Supply Chain AI Optimisation: saas
CT-00427,AI-003,2025-11,saas,Software,programme,V-SAAS-B,CC-SCM-AI,16537.29,Supply Chain AI Optimisation: saas
CT-00428,AI-003,2025-12,saas,Software,programme,V-SAAS-B,CC-SCM-AI,16760.21,Supply Chain AI Optimisation: saas
CT-00429,AI-003,2026-01,saas,Software,programme,V-SAAS-B,CC-SCM-AI,15743.35,Supply Chain AI Optimisation: saas
CT-00430,AI-003,2026-02,saas,Software,programme,V-SAAS-B,CC-SCM-AI,11878.12,Supply Chain AI Optimisation: saas
CT-00431,AI-003,2026-03,saas,Software,programme,V-SAAS-B,CC-SCM-AI,10811.01,Supply Chain AI Optimisation: saas
CT-00432,AI-003,2026-04,saas,Software,programme,V-SAAS-B,CC-SCM-AI,11051.2,Supply Chain AI Optimisation: saas
CT-00433,AI-003,2026-05,saas,Software,programme,V-SAAS-B,CC-SCM-AI,11223.22,Supply Chain AI Optimisation: saas
CT-00434,AI-003,2026-06,saas,Software,programme,V-SAAS-B,CC-SCM-AI,11185.61,Supply Chain AI Optimisation: saas
CT-00435,AI-003,2026-07,saas,Software,programme,V-SAAS-B,CC-SCM-AI,11050.42,Supply Chain AI Optimisation: saas
CT-00436,AI-003,2026-08,saas,Software,programme,V-SAAS-B,CC-SCM-AI,10422.43,Supply Chain AI Optimisation: saas
CT-00437,AI-003,2025-09,cloud,Cloud,programme,V-HPE-GL,CC-SCM-AI,16908.54,Supply Chain AI Optimisation: cloud
CT-00438,AI-003,2025-10,cloud,Cloud,programme,V-HPE-GL,CC-SCM-AI,15854.77,Supply Chain AI Optimisation: cloud
CT-00439,AI-003,2025-11,cloud,Cloud,programme,V-HPE-GL,CC-SCM-AI,15706.19,Supply Chain AI Optimisation: cloud
CT-00440,AI-003,2025-12,cloud,Cloud,programme,V-HPE-GL,CC-SCM-AI,16438.52,Supply Chain AI Optimisation: cloud
CT-00441,AI-003,2026-01,cloud,Cloud,programme,V-HPE-GL,CC-SCM-AI,15367.44,Supply Chain AI Optimisation: cloud
CT-00442,AI-003,2026-02,cloud,Cloud,programme,V-HPE-GL,CC-SCM-AI,10766.61,Supply Chain AI Optimisation: cloud
CT-00443,AI-003,2026-03,cloud,Cloud,programme,V-HPE-GL,CC-SCM-AI,10628.98,Supply Chain AI Optimisation: cloud
CT-00444,AI-003,2026-04,cloud,Cloud,programme,V-HPE-GL,CC-SCM-AI,11226.48,Supply Chain AI Optimisation: cloud
CT-00445,AI-003,2026-05,cloud,Cloud,programme,V-HPE-GL,CC-SCM-AI,11263.35,Supply Chain AI Optimisation: cloud
CT-00446,AI-003,2026-06,cloud,Cloud,programme,V-HPE-GL,CC-SCM-AI,11197.37,Supply Chain AI Optimisation: cloud
CT-00447,AI-003,2026-07,cloud,Cloud,programme,V-HPE-GL,CC-SCM-AI,10427.95,Supply Chain AI Optimisation: cloud
CT-00448,AI-003,2026-08,cloud,Cloud,programme,V-HPE-GL,CC-SCM-AI,11108.18,Supply Chain AI Optimisation: cloud
CT-00449,AI-003,2025-09,vendors,Services,programme,V-SVC-D,CC-SCM-AI,41172.89,Supply Chain AI Optimisation: vendors
CT-00450,AI-003,2025-10,vendors,Services,programme,V-SVC-D,CC-SCM-AI,36397.85,Supply Chain AI Optimisation: vendors
CT-00451,AI-003,2025-11,vendors,Services,programme,V-SVC-D,CC-SCM-AI,37025.31,Supply Chain AI Optimisation: vendors
CT-00452,AI-003,2025-12,vendors,Services,programme,V-SVC-D,CC-SCM-AI,38482.56,Supply Chain AI Optimisation: vendors
CT-00453,AI-003,2026-01,vendors,Services,programme,V-SVC-D,CC-SCM-AI,41181.64,Supply Chain AI Optimisation: vendors
CT-00454,AI-003,2026-02,vendors,Services,programme,V-SVC-D,CC-SCM-AI,27064.45,Supply Chain AI Optimisation: vendors
CT-00455,AI-003,2026-03,vendors,Services,programme,V-SVC-D,CC-SCM-AI,27144.02,Supply Chain AI Optimisation: vendors
CT-00456,AI-003,2026-04,vendors,Services,programme,V-SVC-D,CC-SCM-AI,27578.11,Supply Chain AI Optimisation: vendors
CT-00457,AI-003,2026-05,vendors,Services,programme,V-SVC-D,CC-SCM-AI,26816.55,Supply Chain AI Optimisation: vendors
CT-00458,AI-003,2026-06,vendors,Services,programme,V-SVC-D,CC-SCM-AI,26818.26,Supply Chain AI Optimisation: vendors
CT-00459,AI-003,2026-07,vendors,Services,programme,V-SVC-D,CC-SCM-AI,24667.04,Supply Chain AI Optimisation: vendors
CT-00460,AI-003,2026-08,vendors,Services,programme,V-SVC-D,CC-SCM-AI,27094.53,Supply Chain AI Optimisation: vendors
CT-00461,AI-003,2025-09,consulting,Services,programme,V-SI-C,CC-SCM-AI,48678.22,Supply Chain AI Optimisation: consulting
CT-00462,AI-003,2025-09,consulting,Services,programme,V-SI-C,CC-SCM-AI,32452.15,Supply Chain AI Optimisation: consulting
CT-00463,AI-003,2025-10,consulting,Services,programme,V-SI-C,CC-SCM-AI,49724.95,Supply Chain AI Optimisation: consulting
CT-00464,AI-003,2025-10,consulting,Services,programme,V-SI-C,CC-SCM-AI,33149.97,Supply Chain AI Optimisation: consulting
CT-00465,AI-003,2025-11,consulting,Services,programme,V-SI-C,CC-SCM-AI,42542.13,Supply Chain AI Optimisation: consulting
CT-00466,AI-003,2025-11,consulting,Services,programme,V-SI-C,CC-SCM-AI,28361.42,Supply Chain AI Optimisation: consulting
CT-00467,AI-003,2025-12,consulting,Services,programme,V-SI-C,CC-SCM-AI,45668.16,Supply Chain AI Optimisation: consulting
CT-00468,AI-003,2025-12,consulting,Services,programme,V-SI-C,CC-SCM-AI,30445.44,Supply Chain AI Optimisation: consulting
CT-00469,AI-003,2026-01,consulting,Services,programme,V-SI-C,CC-SCM-AI,45580.65,Supply Chain AI Optimisation: consulting
CT-00470,AI-003,2026-01,consulting,Services,programme,V-SI-C,CC-SCM-AI,30387.1,Supply Chain AI Optimisation: consulting
CT-00471,AI-003,2026-02,consulting,Services,programme,V-SI-C,CC-SCM-AI,42410.21,Supply Chain AI Optimisation: consulting
CT-00472,AI-003,2026-02,consulting,Services,programme,V-SI-C,CC-SCM-AI,28273.47,Supply Chain AI Optimisation: consulting
CT-00473,AI-003,2026-03,consulting,Services,programme,V-SI-C,CC-SCM-AI,45497.26,Supply Chain AI Optimisation: consulting
CT-00474,AI-003,2026-03,consulting,Services,programme,V-SI-C,CC-SCM-AI,30331.51,Supply Chain AI Optimisation: consulting
CT-00475,AI-003,2026-04,consulting,Services,programme,V-SI-C,CC-SCM-AI,44403.66,Supply Chain AI Optimisation: consulting
CT-00476,AI-003,2026-04,consulting,Services,programme,V-SI-C,CC-SCM-AI,29602.44,Supply Chain AI Optimisation: consulting
CT-00477,AI-003,2026-05,consulting,Services,programme,V-SI-C,CC-SCM-AI,43826.09,Supply Chain AI Optimisation: consulting
CT-00478,AI-003,2026-05,consulting,Services,programme,V-SI-C,CC-SCM-AI,29217.39,Supply Chain AI Optimisation: consulting
CT-00479,AI-003,2026-06,consulting,Services,programme,V-SI-C,CC-SCM-AI,42611.32,Supply Chain AI Optimisation: consulting
CT-00480,AI-003,2026-06,consulting,Services,programme,V-SI-C,CC-SCM-AI,28407.55,Supply Chain AI Optimisation: consulting
CT-00481,AI-003,2026-07,consulting,Services,programme,V-SI-C,CC-SCM-AI,43564.25,Supply Chain AI Optimisation: consulting
CT-00482,AI-003,2026-07,consulting,Services,programme,V-SI-C,CC-SCM-AI,29042.83,Supply Chain AI Optimisation: consulting
CT-00483,AI-003,2026-08,consulting,Services,programme,V-SI-C,CC-SCM-AI,40943.5,Supply Chain AI Optimisation: consulting
CT-00484,AI-003,2026-08,consulting,Services,programme,V-SI-C,CC-SCM-AI,27295.67,Supply Chain AI Optimisation: consulting
CT-00485,AI-003,2025-09,employees,People,programme,,CC-SCM-AI,104878.86,Supply Chain AI Optimisation: employees
CT-00486,AI-003,2025-09,employees,People,programme,,CC-SCM-AI,69919.24,Supply Chain AI Optimisation: employees
CT-00487,AI-003,2025-10,employees,People,programme,,CC-SCM-AI,104892.51,Supply Chain AI Optimisation: employees
CT-00488,AI-003,2025-10,employees,People,programme,,CC-SCM-AI,69928.34,Supply Chain AI Optimisation: employees
CT-00489,AI-003,2025-11,employees,People,programme,,CC-SCM-AI,102317.49,Supply Chain AI Optimisation: employees
CT-00490,AI-003,2025-11,employees,People,programme,,CC-SCM-AI,68211.66,Supply Chain AI Optimisation: employees
CT-00491,AI-003,2025-12,employees,People,programme,,CC-SCM-AI,110839.33,Supply Chain AI Optimisation: employees
CT-00492,AI-003,2025-12,employees,People,programme,,CC-SCM-AI,73892.89,Supply Chain AI Optimisation: employees
CT-00493,AI-003,2026-01,employees,People,programme,,CC-SCM-AI,97708.47,Supply Chain AI Optimisation: employees
CT-00494,AI-003,2026-01,employees,People,programme,,CC-SCM-AI,65138.98,Supply Chain AI Optimisation: employees
CT-00495,AI-003,2026-02,employees,People,programme,,CC-SCM-AI,72763.77,Supply Chain AI Optimisation: employees
CT-00496,AI-003,2026-02,employees,People,programme,,CC-SCM-AI,48509.18,Supply Chain AI Optimisation: employees
CT-00497,AI-003,2026-03,employees,People,programme,,CC-SCM-AI,66233.33,Supply Chain AI Optimisation: employees
CT-00498,AI-003,2026-03,employees,People,programme,,CC-SCM-AI,44155.55,Supply Chain AI Optimisation: employees
CT-00499,AI-003,2026-04,employees,People,programme,,CC-SCM-AI,71071.88,Supply Chain AI Optimisation: employees
CT-00500,AI-003,2026-04,employees,People,programme,,CC-SCM-AI,47381.25,Supply Chain AI Optimisation: employees
CT-00501,AI-003,2026-05,employees,People,programme,,CC-SCM-AI,69346.91,Supply Chain AI Optimisation: employees
CT-00502,AI-003,2026-05,employees,People,programme,,CC-SCM-AI,46231.28,Supply Chain AI Optimisation: employees
CT-00503,AI-003,2026-06,employees,People,programme,,CC-SCM-AI,70637.99,Supply Chain AI Optimisation: employees
CT-00504,AI-003,2026-06,employees,People,programme,,CC-SCM-AI,47091.99,Supply Chain AI Optimisation: employees
CT-00505,AI-003,2026-07,employees,People,programme,,CC-SCM-AI,69823.53,Supply Chain AI Optimisation: employees
CT-00506,AI-003,2026-07,employees,People,programme,,CC-SCM-AI,46549.02,Supply Chain AI Optimisation: employees
CT-00507,AI-003,2026-08,employees,People,programme,,CC-SCM-AI,75739.58,Supply Chain AI Optimisation: employees
CT-00508,AI-003,2026-08,employees,People,programme,,CC-SCM-AI,50493.05,Supply Chain AI Optimisation: employees
CT-00509,AI-003,2025-09,training,People,programme,V-TRN-F,CC-SCM-AI,24047.61,Supply Chain AI Optimisation: training
CT-00510,AI-003,2025-10,training,People,programme,V-TRN-F,CC-SCM-AI,24492.21,Supply Chain AI Optimisation: training
CT-00511,AI-003,2025-11,training,People,programme,V-TRN-F,CC-SCM-AI,23479.17,Supply Chain AI Optimisation: training
CT-00512,AI-003,2025-12,training,People,programme,V-TRN-F,CC-SCM-AI,22876.68,Supply Chain AI Optimisation: training
CT-00513,AI-003,2026-01,training,People,programme,V-TRN-F,CC-SCM-AI,24182.1,Supply Chain AI Optimisation: training
CT-00514,AI-003,2026-02,training,People,programme,V-TRN-F,CC-SCM-AI,16904.98,Supply Chain AI Optimisation: training
CT-00515,AI-003,2026-03,training,People,programme,V-TRN-F,CC-SCM-AI,17536.02,Supply Chain AI Optimisation: training
CT-00516,AI-003,2026-04,training,People,programme,V-TRN-F,CC-SCM-AI,16218.92,Supply Chain AI Optimisation: training
CT-00517,AI-003,2026-05,training,People,programme,V-TRN-F,CC-SCM-AI,16531.35,Supply Chain AI Optimisation: training
CT-00518,AI-003,2026-06,training,People,programme,V-TRN-F,CC-SCM-AI,16256.04,Supply Chain AI Optimisation: training
CT-00519,AI-003,2026-07,training,People,programme,V-TRN-F,CC-SCM-AI,15902.57,Supply Chain AI Optimisation: training
CT-00520,AI-003,2026-08,training,People,programme,V-TRN-F,CC-SCM-AI,16127.41,Supply Chain AI Optimisation: training
CT-00521,AI-003,2025-09,data,Other,programme,V-DATA-E,CC-SCM-AI,41744.84,Supply Chain AI Optimisation: data
CT-00522,AI-003,2025-10,data,Other,programme,V-DATA-E,CC-SCM-AI,35803.55,Supply Chain AI Optimisation: data
CT-00523,AI-003,2025-11,data,Other,programme,V-DATA-E,CC-SCM-AI,41666.47,Supply Chain AI Optimisation: data
CT-00524,AI-003,2025-12,data,Other,programme,V-DATA-E,CC-SCM-AI,37471.68,Supply Chain AI Optimisation: data
CT-00525,AI-003,2026-01,data,Other,programme,V-DATA-E,CC-SCM-AI,40768.01,Supply Chain AI Optimisation: data
CT-00526,AI-003,2026-02,data,Other,programme,V-DATA-E,CC-SCM-AI,26748.36,Supply Chain AI Optimisation: data
CT-00527,AI-003,2026-03,data,Other,programme,V-DATA-E,CC-SCM-AI,27565.16,Supply Chain AI Optimisation: data
CT-00528,AI-003,2026-04,data,Other,programme,V-DATA-E,CC-SCM-AI,26325.01,Supply Chain AI Optimisation: data
CT-00529,AI-003,2026-05,data,Other,programme,V-DATA-E,CC-SCM-AI,27345.85,Supply Chain AI Optimisation: data
CT-00530,AI-003,2026-06,data,Other,programme,V-DATA-E,CC-SCM-AI,26493.61,Supply Chain AI Optimisation: data
CT-00531,AI-003,2026-07,data,Other,programme,V-DATA-E,CC-SCM-AI,29228.13,Supply Chain AI Optimisation: data
CT-00532,AI-003,2026-08,data,Other,programme,V-DATA-E,CC-SCM-AI,26908.77,Supply Chain AI Optimisation: data
CT-00533,AI-003,2026-02,employees,Incremental operating cost,incremental_opex,,CC-SCM-OPS,0.0,"Supply Chain AI Optimisation: business run cost (review, change management, support)"
CT-00534,AI-003,2026-03,employees,Incremental operating cost,incremental_opex,,CC-SCM-OPS,0.0,"Supply Chain AI Optimisation: business run cost (review, change management, support)"
CT-00535,AI-003,2026-04,employees,Incremental operating cost,incremental_opex,,CC-SCM-OPS,0.0,"Supply Chain AI Optimisation: business run cost (review, change management, support)"
CT-00536,AI-003,2026-05,employees,Incremental operating cost,incremental_opex,,CC-SCM-OPS,0.0,"Supply Chain AI Optimisation: business run cost (review, change management, support)"
CT-00537,AI-003,2026-06,employees,Incremental operating cost,incremental_opex,,CC-SCM-OPS,0.0,"Supply Chain AI Optimisation: business run cost (review, change management, support)"
CT-00538,AI-003,2026-07,employees,Incremental operating cost,incremental_opex,,CC-SCM-OPS,0.0,"Supply Chain AI Optimisation: business run cost (review, change management, support)"
CT-00539,AI-003,2026-08,employees,Incremental operating cost,incremental_opex,,CC-SCM-OPS,0.0,"Supply Chain AI Optimisation: business run cost (review, change management, support)"
CT-00540,AI-004,2025-10,gpu,Infrastructure,programme,V-HPE-INF,CC-FIN-AI,49164.34,Finance Close Copilot: gpu
CT-00541,AI-004,2025-11,gpu,Infrastructure,programme,V-HPE-INF,CC-FIN-AI,46260.02,Finance Close Copilot: gpu
CT-00542,AI-004,2025-12,gpu,Infrastructure,programme,V-HPE-INF,CC-FIN-AI,32410.99,Finance Close Copilot: gpu
CT-00543,AI-004,2026-01,gpu,Infrastructure,programme,V-HPE-INF,CC-FIN-AI,31058.49,Finance Close Copilot: gpu
CT-00544,AI-004,2026-02,gpu,Infrastructure,programme,V-HPE-INF,CC-FIN-AI,33346.05,Finance Close Copilot: gpu
CT-00545,AI-004,2026-03,gpu,Infrastructure,programme,V-HPE-INF,CC-FIN-AI,32083.68,Finance Close Copilot: gpu
CT-00546,AI-004,2026-04,gpu,Infrastructure,programme,V-HPE-INF,CC-FIN-AI,29737.87,Finance Close Copilot: gpu
CT-00547,AI-004,2026-05,gpu,Infrastructure,programme,V-HPE-INF,CC-FIN-AI,33931.34,Finance Close Copilot: gpu
CT-00548,AI-004,2026-06,gpu,Infrastructure,programme,V-HPE-INF,CC-FIN-AI,34318.41,Finance Close Copilot: gpu
CT-00549,AI-004,2026-07,gpu,Infrastructure,programme,V-HPE-INF,CC-FIN-AI,31537.3,Finance Close Copilot: gpu
CT-00550,AI-004,2026-08,gpu,Infrastructure,programme,V-HPE-INF,CC-FIN-AI,33140.18,Finance Close Copilot: gpu
CT-00551,AI-004,2025-10,compute,Infrastructure,programme,V-HPE-INF,CC-FIN-AI,16870.75,Finance Close Copilot: compute
CT-00552,AI-004,2025-11,compute,Infrastructure,programme,V-HPE-INF,CC-FIN-AI,17501.77,Finance Close Copilot: compute
CT-00553,AI-004,2025-12,compute,Infrastructure,programme,V-HPE-INF,CC-FIN-AI,11726.98,Finance Close Copilot: compute
CT-00554,AI-004,2026-01,compute,Infrastructure,programme,V-HPE-INF,CC-FIN-AI,11656.96,Finance Close Copilot: compute
CT-00555,AI-004,2026-02,compute,Infrastructure,programme,V-HPE-INF,CC-FIN-AI,12414.72,Finance Close Copilot: compute
CT-00556,AI-004,2026-03,compute,Infrastructure,programme,V-HPE-INF,CC-FIN-AI,12109.7,Finance Close Copilot: compute
CT-00557,AI-004,2026-04,compute,Infrastructure,programme,V-HPE-INF,CC-FIN-AI,11871.39,Finance Close Copilot: compute
CT-00558,AI-004,2026-05,compute,Infrastructure,programme,V-HPE-INF,CC-FIN-AI,12456.65,Finance Close Copilot: compute
CT-00559,AI-004,2026-06,compute,Infrastructure,programme,V-HPE-INF,CC-FIN-AI,11487.97,Finance Close Copilot: compute
CT-00560,AI-004,2026-07,compute,Infrastructure,programme,V-HPE-INF,CC-FIN-AI,12903.57,Finance Close Copilot: compute
CT-00561,AI-004,2026-08,compute,Infrastructure,programme,V-HPE-INF,CC-FIN-AI,12749.0,Finance Close Copilot: compute
CT-00562,AI-004,2025-10,storage,Infrastructure,programme,V-HPE-INF,CC-FIN-AI,16079.66,Finance Close Copilot: storage
CT-00563,AI-004,2025-11,storage,Infrastructure,programme,V-HPE-INF,CC-FIN-AI,14704.23,Finance Close Copilot: storage
CT-00564,AI-004,2025-12,storage,Infrastructure,programme,V-HPE-INF,CC-FIN-AI,10886.24,Finance Close Copilot: storage
CT-00565,AI-004,2026-01,storage,Infrastructure,programme,V-HPE-INF,CC-FIN-AI,10413.45,Finance Close Copilot: storage
CT-00566,AI-004,2026-02,storage,Infrastructure,programme,V-HPE-INF,CC-FIN-AI,10638.51,Finance Close Copilot: storage
CT-00567,AI-004,2026-03,storage,Infrastructure,programme,V-HPE-INF,CC-FIN-AI,10509.82,Finance Close Copilot: storage
CT-00568,AI-004,2026-04,storage,Infrastructure,programme,V-HPE-INF,CC-FIN-AI,10932.16,Finance Close Copilot: storage
CT-00569,AI-004,2026-05,storage,Infrastructure,programme,V-HPE-INF,CC-FIN-AI,11091.54,Finance Close Copilot: storage
CT-00570,AI-004,2026-06,storage,Infrastructure,programme,V-HPE-INF,CC-FIN-AI,10306.78,Finance Close Copilot: storage
CT-00571,AI-004,2026-07,storage,Infrastructure,programme,V-HPE-INF,CC-FIN-AI,10036.91,Finance Close Copilot: storage
CT-00572,AI-004,2026-08,storage,Infrastructure,programme,V-HPE-INF,CC-FIN-AI,10880.11,Finance Close Copilot: storage
CT-00573,AI-004,2025-10,networking,Infrastructure,programme,V-HPE-NET,CC-FIN-AI,8925.63,Finance Close Copilot: networking
CT-00574,AI-004,2025-11,networking,Infrastructure,programme,V-HPE-NET,CC-FIN-AI,8401.33,Finance Close Copilot: networking
CT-00575,AI-004,2025-12,networking,Infrastructure,programme,V-HPE-NET,CC-FIN-AI,5809.49,Finance Close Copilot: networking
CT-00576,AI-004,2026-01,networking,Infrastructure,programme,V-HPE-NET,CC-FIN-AI,5762.61,Finance Close Copilot: networking
CT-00577,AI-004,2026-02,networking,Infrastructure,programme,V-HPE-NET,CC-FIN-AI,5802.0,Finance Close Copilot: networking
CT-00578,AI-004,2026-03,networking,Infrastructure,programme,V-HPE-NET,CC-FIN-AI,6111.44,Finance Close Copilot: networking
CT-00579,AI-004,2026-04,networking,Infrastructure,programme,V-HPE-NET,CC-FIN-AI,5775.66,Finance Close Copilot: networking
CT-00580,AI-004,2026-05,networking,Infrastructure,programme,V-HPE-NET,CC-FIN-AI,6318.32,Finance Close Copilot: networking
CT-00581,AI-004,2026-06,networking,Infrastructure,programme,V-HPE-NET,CC-FIN-AI,6108.01,Finance Close Copilot: networking
CT-00582,AI-004,2026-07,networking,Infrastructure,programme,V-HPE-NET,CC-FIN-AI,5805.48,Finance Close Copilot: networking
CT-00583,AI-004,2026-08,networking,Infrastructure,programme,V-HPE-NET,CC-FIN-AI,5995.86,Finance Close Copilot: networking
CT-00584,AI-004,2025-10,software,Software,programme,V-SW-A,CC-FIN-AI,21765.77,Finance Close Copilot: software
CT-00585,AI-004,2025-11,software,Software,programme,V-SW-A,CC-FIN-AI,20971.2,Finance Close Copilot: software
CT-00586,AI-004,2025-12,software,Software,programme,V-SW-A,CC-FIN-AI,15812.64,Finance Close Copilot: software
CT-00587,AI-004,2026-01,software,Software,programme,V-SW-A,CC-FIN-AI,14849.18,Finance Close Copilot: software
CT-00588,AI-004,2026-02,software,Software,programme,V-SW-A,CC-FIN-AI,15372.56,Finance Close Copilot: software
CT-00589,AI-004,2026-03,software,Software,programme,V-SW-A,CC-FIN-AI,15647.73,Finance Close Copilot: software
CT-00590,AI-004,2026-04,software,Software,programme,V-SW-A,CC-FIN-AI,15151.76,Finance Close Copilot: software
CT-00591,AI-004,2026-05,software,Software,programme,V-SW-A,CC-FIN-AI,15075.19,Finance Close Copilot: software
CT-00592,AI-004,2026-06,software,Software,programme,V-SW-A,CC-FIN-AI,15214.98,Finance Close Copilot: software
CT-00593,AI-004,2026-07,software,Software,programme,V-SW-A,CC-FIN-AI,15616.79,Finance Close Copilot: software
CT-00594,AI-004,2026-08,software,Software,programme,V-SW-A,CC-FIN-AI,14558.3,Finance Close Copilot: software
CT-00595,AI-004,2025-10,saas,Software,programme,V-SAAS-B,CC-FIN-AI,4564.01,Finance Close Copilot: saas
CT-00596,AI-004,2025-11,saas,Software,programme,V-SAAS-B,CC-FIN-AI,4167.38,Finance Close Copilot: saas
CT-00597,AI-004,2025-12,saas,Software,programme,V-SAAS-B,CC-FIN-AI,3015.6,Finance Close Copilot: saas
CT-00598,AI-004,2026-01,saas,Software,programme,V-SAAS-B,CC-FIN-AI,3039.2,Finance Close Copilot: saas
CT-00599,AI-004,2026-02,saas,Software,programme,V-SAAS-B,CC-FIN-AI,2973.98,Finance Close Copilot: saas
CT-00600,AI-004,2026-03,saas,Software,programme,V-SAAS-B,CC-FIN-AI,3207.74,Finance Close Copilot: saas
CT-00601,AI-004,2026-04,saas,Software,programme,V-SAAS-B,CC-FIN-AI,2852.97,Finance Close Copilot: saas
CT-00602,AI-004,2026-05,saas,Software,programme,V-SAAS-B,CC-FIN-AI,3274.0,Finance Close Copilot: saas
CT-00603,AI-004,2026-06,saas,Software,programme,V-SAAS-B,CC-FIN-AI,2969.09,Finance Close Copilot: saas
CT-00604,AI-004,2026-07,saas,Software,programme,V-SAAS-B,CC-FIN-AI,2981.77,Finance Close Copilot: saas
CT-00605,AI-004,2026-08,saas,Software,programme,V-SAAS-B,CC-FIN-AI,3198.41,Finance Close Copilot: saas
CT-00606,AI-004,2025-10,cloud,Cloud,programme,V-HPE-GL,CC-FIN-AI,4753.85,Finance Close Copilot: cloud
CT-00607,AI-004,2025-11,cloud,Cloud,programme,V-HPE-GL,CC-FIN-AI,4108.29,Finance Close Copilot: cloud
CT-00608,AI-004,2025-12,cloud,Cloud,programme,V-HPE-GL,CC-FIN-AI,2922.95,Finance Close Copilot: cloud
CT-00609,AI-004,2026-01,cloud,Cloud,programme,V-HPE-GL,CC-FIN-AI,3004.7,Finance Close Copilot: cloud
CT-00610,AI-004,2026-02,cloud,Cloud,programme,V-HPE-GL,CC-FIN-AI,2867.44,Finance Close Copilot: cloud
CT-00611,AI-004,2026-03,cloud,Cloud,programme,V-HPE-GL,CC-FIN-AI,3048.25,Finance Close Copilot: cloud
CT-00612,AI-004,2026-04,cloud,Cloud,programme,V-HPE-GL,CC-FIN-AI,3158.11,Finance Close Copilot: cloud
CT-00613,AI-004,2026-05,cloud,Cloud,programme,V-HPE-GL,CC-FIN-AI,2865.2,Finance Close Copilot: cloud
CT-00614,AI-004,2026-06,cloud,Cloud,programme,V-HPE-GL,CC-FIN-AI,3132.54,Finance Close Copilot: cloud
CT-00615,AI-004,2026-07,cloud,Cloud,programme,V-HPE-GL,CC-FIN-AI,3097.47,Finance Close Copilot: cloud
CT-00616,AI-004,2026-08,cloud,Cloud,programme,V-HPE-GL,CC-FIN-AI,2877.47,Finance Close Copilot: cloud
CT-00617,AI-004,2025-10,vendors,Services,programme,V-SVC-D,CC-FIN-AI,11599.07,Finance Close Copilot: vendors
CT-00618,AI-004,2025-11,vendors,Services,programme,V-SVC-D,CC-FIN-AI,11574.93,Finance Close Copilot: vendors
CT-00619,AI-004,2025-12,vendors,Services,programme,V-SVC-D,CC-FIN-AI,7790.17,Finance Close Copilot: vendors
CT-00620,AI-004,2026-01,vendors,Services,programme,V-SVC-D,CC-FIN-AI,7593.08,Finance Close Copilot: vendors
CT-00621,AI-004,2026-02,vendors,Services,programme,V-SVC-D,CC-FIN-AI,7985.47,Finance Close Copilot: vendors
CT-00622,AI-004,2026-03,vendors,Services,programme,V-SVC-D,CC-FIN-AI,7395.33,Finance Close Copilot: vendors
CT-00623,AI-004,2026-04,vendors,Services,programme,V-SVC-D,CC-FIN-AI,7552.84,Finance Close Copilot: vendors
CT-00624,AI-004,2026-05,vendors,Services,programme,V-SVC-D,CC-FIN-AI,7324.05,Finance Close Copilot: vendors
CT-00625,AI-004,2026-06,vendors,Services,programme,V-SVC-D,CC-FIN-AI,7048.01,Finance Close Copilot: vendors
CT-00626,AI-004,2026-07,vendors,Services,programme,V-SVC-D,CC-FIN-AI,7321.83,Finance Close Copilot: vendors
CT-00627,AI-004,2026-08,vendors,Services,programme,V-SVC-D,CC-FIN-AI,7391.44,Finance Close Copilot: vendors
CT-00628,AI-004,2025-10,consulting,Services,programme,V-SI-C,CC-FIN-AI,23879.48,Finance Close Copilot: consulting
CT-00629,AI-004,2025-11,consulting,Services,programme,V-SI-C,CC-FIN-AI,22282.31,Finance Close Copilot: consulting
CT-00630,AI-004,2025-12,consulting,Services,programme,V-SI-C,CC-FIN-AI,14766.42,Finance Close Copilot: consulting
CT-00631,AI-004,2026-01,consulting,Services,programme,V-SI-C,CC-FIN-AI,14041.99,Finance Close Copilot: consulting
CT-00632,AI-004,2026-02,consulting,Services,programme,V-SI-C,CC-FIN-AI,14879.22,Finance Close Copilot: consulting
CT-00633,AI-004,2026-03,consulting,Services,programme,V-SI-C,CC-FIN-AI,13830.7,Finance Close Copilot: consulting
CT-00634,AI-004,2026-04,consulting,Services,programme,V-SI-C,CC-FIN-AI,14987.07,Finance Close Copilot: consulting
CT-00635,AI-004,2026-05,consulting,Services,programme,V-SI-C,CC-FIN-AI,14443.39,Finance Close Copilot: consulting
CT-00636,AI-004,2026-06,consulting,Services,programme,V-SI-C,CC-FIN-AI,15128.56,Finance Close Copilot: consulting
CT-00637,AI-004,2026-07,consulting,Services,programme,V-SI-C,CC-FIN-AI,14479.01,Finance Close Copilot: consulting
CT-00638,AI-004,2026-08,consulting,Services,programme,V-SI-C,CC-FIN-AI,15174.95,Finance Close Copilot: consulting
CT-00639,AI-004,2025-10,employees,People,programme,,CC-FIN-AI,51343.4,Finance Close Copilot: employees
CT-00640,AI-004,2025-11,employees,People,programme,,CC-FIN-AI,51901.14,Finance Close Copilot: employees
CT-00641,AI-004,2025-12,employees,People,programme,,CC-FIN-AI,33087.18,Finance Close Copilot: employees
CT-00642,AI-004,2026-01,employees,People,programme,,CC-FIN-AI,33305.05,Finance Close Copilot: employees
CT-00643,AI-004,2026-02,employees,People,programme,,CC-FIN-AI,33039.66,Finance Close Copilot: employees
CT-00644,AI-004,2026-03,employees,People,programme,,CC-FIN-AI,31958.43,Finance Close Copilot: employees
CT-00645,AI-004,2026-04,employees,People,programme,,CC-FIN-AI,33410.01,Finance Close Copilot: employees
CT-00646,AI-004,2026-05,employees,People,programme,,CC-FIN-AI,32982.59,Finance Close Copilot: employees
CT-00647,AI-004,2026-06,employees,People,programme,,CC-FIN-AI,36249.91,Finance Close Copilot: employees
CT-00648,AI-004,2026-07,employees,People,programme,,CC-FIN-AI,35187.04,Finance Close Copilot: employees
CT-00649,AI-004,2026-08,employees,People,programme,,CC-FIN-AI,34758.39,Finance Close Copilot: employees
CT-00650,AI-004,2025-10,training,People,programme,V-TRN-F,CC-FIN-AI,6200.36,Finance Close Copilot: training
CT-00651,AI-004,2025-11,training,People,programme,V-TRN-F,CC-FIN-AI,6854.33,Finance Close Copilot: training
CT-00652,AI-004,2025-12,training,People,programme,V-TRN-F,CC-FIN-AI,4601.2,Finance Close Copilot: training
CT-00653,AI-004,2026-01,training,People,programme,V-TRN-F,CC-FIN-AI,4793.59,Finance Close Copilot: training
CT-00654,AI-004,2026-02,training,People,programme,V-TRN-F,CC-FIN-AI,4400.84,Finance Close Copilot: training
CT-00655,AI-004,2026-03,training,People,programme,V-TRN-F,CC-FIN-AI,4543.53,Finance Close Copilot: training
CT-00656,AI-004,2026-04,training,People,programme,V-TRN-F,CC-FIN-AI,4738.89,Finance Close Copilot: training
CT-00657,AI-004,2026-05,training,People,programme,V-TRN-F,CC-FIN-AI,4648.06,Finance Close Copilot: training
CT-00658,AI-004,2026-06,training,People,programme,V-TRN-F,CC-FIN-AI,4427.15,Finance Close Copilot: training
CT-00659,AI-004,2026-07,training,People,programme,V-TRN-F,CC-FIN-AI,4459.22,Finance Close Copilot: training
CT-00660,AI-004,2026-08,training,People,programme,V-TRN-F,CC-FIN-AI,4548.93,Finance Close Copilot: training
CT-00661,AI-004,2025-10,data,Other,programme,V-DATA-E,CC-FIN-AI,10737.92,Finance Close Copilot: data
CT-00662,AI-004,2025-11,data,Other,programme,V-DATA-E,CC-FIN-AI,11246.3,Finance Close Copilot: data
CT-00663,AI-004,2025-12,data,Other,programme,V-DATA-E,CC-FIN-AI,7452.23,Finance Close Copilot: data
CT-00664,AI-004,2026-01,data,Other,programme,V-DATA-E,CC-FIN-AI,7711.34,Finance Close Copilot: data
CT-00665,AI-004,2026-02,data,Other,programme,V-DATA-E,CC-FIN-AI,8039.13,Finance Close Copilot: data
CT-00666,AI-004,2026-03,data,Other,programme,V-DATA-E,CC-FIN-AI,7705.61,Finance Close Copilot: data
CT-00667,AI-004,2026-04,data,Other,programme,V-DATA-E,CC-FIN-AI,7881.38,Finance Close Copilot: data
CT-00668,AI-004,2026-05,data,Other,programme,V-DATA-E,CC-FIN-AI,7408.86,Finance Close Copilot: data
CT-00669,AI-004,2026-06,data,Other,programme,V-DATA-E,CC-FIN-AI,7172.93,Finance Close Copilot: data
CT-00670,AI-004,2026-07,data,Other,programme,V-DATA-E,CC-FIN-AI,7633.25,Finance Close Copilot: data
CT-00671,AI-004,2026-08,data,Other,programme,V-DATA-E,CC-FIN-AI,6952.97,Finance Close Copilot: data
CT-00672,AI-004,2025-12,employees,Incremental operating cost,incremental_opex,,CC-FIN-OPS,10000.0,"Finance Close Copilot: business run cost (review, change management, support)"
CT-00673,AI-004,2026-01,employees,Incremental operating cost,incremental_opex,,CC-FIN-OPS,10000.0,"Finance Close Copilot: business run cost (review, change management, support)"
CT-00674,AI-004,2026-02,employees,Incremental operating cost,incremental_opex,,CC-FIN-OPS,10000.0,"Finance Close Copilot: business run cost (review, change management, support)"
CT-00675,AI-004,2026-03,employees,Incremental operating cost,incremental_opex,,CC-FIN-OPS,10000.0,"Finance Close Copilot: business run cost (review, change management, support)"
CT-00676,AI-004,2026-04,employees,Incremental operating cost,incremental_opex,,CC-FIN-OPS,10000.0,"Finance Close Copilot: business run cost (review, change management, support)"
CT-00677,AI-004,2026-05,employees,Incremental operating cost,incremental_opex,,CC-FIN-OPS,10000.0,"Finance Close Copilot: business run cost (review, change management, support)"
CT-00678,AI-004,2026-06,employees,Incremental operating cost,incremental_opex,,CC-FIN-OPS,10000.0,"Finance Close Copilot: business run cost (review, change management, support)"
CT-00679,AI-004,2026-07,employees,Incremental operating cost,incremental_opex,,CC-FIN-OPS,10000.0,"Finance Close Copilot: business run cost (review, change management, support)"
CT-00680,AI-004,2026-08,employees,Incremental operating cost,incremental_opex,,CC-FIN-OPS,10000.0,"Finance Close Copilot: business run cost (review, change management, support)"
CT-00681,AI-005,2025-09,gpu,Infrastructure,programme,V-HPE-INF,CC-TEC-AI,13194.28,IT Service Desk AI: gpu
CT-00682,AI-005,2025-10,gpu,Infrastructure,programme,V-HPE-INF,CC-TEC-AI,13503.08,IT Service Desk AI: gpu
CT-00683,AI-005,2025-11,gpu,Infrastructure,programme,V-HPE-INF,CC-TEC-AI,8803.15,IT Service Desk AI: gpu
CT-00684,AI-005,2025-12,gpu,Infrastructure,programme,V-HPE-INF,CC-TEC-AI,9644.56,IT Service Desk AI: gpu
CT-00685,AI-005,2026-01,gpu,Infrastructure,programme,V-HPE-INF,CC-TEC-AI,9366.46,IT Service Desk AI: gpu
CT-00686,AI-005,2026-02,gpu,Infrastructure,programme,V-HPE-INF,CC-TEC-AI,9386.38,IT Service Desk AI: gpu
CT-00687,AI-005,2026-03,gpu,Infrastructure,programme,V-HPE-INF,CC-TEC-AI,9148.35,IT Service Desk AI: gpu
CT-00688,AI-005,2026-04,gpu,Infrastructure,programme,V-HPE-INF,CC-TEC-AI,8946.33,IT Service Desk AI: gpu
CT-00689,AI-005,2026-05,gpu,Infrastructure,programme,V-HPE-INF,CC-TEC-AI,9130.34,IT Service Desk AI: gpu
CT-00690,AI-005,2026-06,gpu,Infrastructure,programme,V-HPE-INF,CC-TEC-AI,8898.54,IT Service Desk AI: gpu
CT-00691,AI-005,2026-07,gpu,Infrastructure,programme,V-HPE-INF,CC-TEC-AI,9836.03,IT Service Desk AI: gpu
CT-00692,AI-005,2026-08,gpu,Infrastructure,programme,V-HPE-INF,CC-TEC-AI,9099.46,IT Service Desk AI: gpu
CT-00693,AI-005,2025-09,compute,Infrastructure,programme,V-HPE-INF,CC-TEC-AI,11268.84,IT Service Desk AI: compute
CT-00694,AI-005,2025-10,compute,Infrastructure,programme,V-HPE-INF,CC-TEC-AI,11085.17,IT Service Desk AI: compute
CT-00695,AI-005,2025-11,compute,Infrastructure,programme,V-HPE-INF,CC-TEC-AI,7882.49,IT Service Desk AI: compute
CT-00696,AI-005,2025-12,compute,Infrastructure,programme,V-HPE-INF,CC-TEC-AI,7752.64,IT Service Desk AI: compute
CT-00697,AI-005,2026-01,compute,Infrastructure,programme,V-HPE-INF,CC-TEC-AI,7872.3,IT Service Desk AI: compute
CT-00698,AI-005,2026-02,compute,Infrastructure,programme,V-HPE-INF,CC-TEC-AI,7519.35,IT Service Desk AI: compute
CT-00699,AI-005,2026-03,compute,Infrastructure,programme,V-HPE-INF,CC-TEC-AI,7542.47,IT Service Desk AI: compute
CT-00700,AI-005,2026-04,compute,Infrastructure,programme,V-HPE-INF,CC-TEC-AI,7401.07,IT Service Desk AI: compute
CT-00701,AI-005,2026-05,compute,Infrastructure,programme,V-HPE-INF,CC-TEC-AI,8050.75,IT Service Desk AI: compute
CT-00702,AI-005,2026-06,compute,Infrastructure,programme,V-HPE-INF,CC-TEC-AI,7620.42,IT Service Desk AI: compute
CT-00703,AI-005,2026-07,compute,Infrastructure,programme,V-HPE-INF,CC-TEC-AI,8379.5,IT Service Desk AI: compute
CT-00704,AI-005,2026-08,compute,Infrastructure,programme,V-HPE-INF,CC-TEC-AI,7965.74,IT Service Desk AI: compute
CT-00705,AI-005,2025-09,storage,Infrastructure,programme,V-HPE-INF,CC-TEC-AI,9121.12,IT Service Desk AI: storage
CT-00706,AI-005,2025-10,storage,Infrastructure,programme,V-HPE-INF,CC-TEC-AI,9129.39,IT Service Desk AI: storage
CT-00707,AI-005,2025-11,storage,Infrastructure,programme,V-HPE-INF,CC-TEC-AI,5901.93,IT Service Desk AI: storage
CT-00708,AI-005,2025-12,storage,Infrastructure,programme,V-HPE-INF,CC-TEC-AI,6597.19,IT Service Desk AI: storage
CT-00709,AI-005,2026-01,storage,Infrastructure,programme,V-HPE-INF,CC-TEC-AI,5857.04,IT Service Desk AI: storage
CT-00710,AI-005,2026-02,storage,Infrastructure,programme,V-HPE-INF,CC-TEC-AI,6636.21,IT Service Desk AI: storage
CT-00711,AI-005,2026-03,storage,Infrastructure,programme,V-HPE-INF,CC-TEC-AI,6116.37,IT Service Desk AI: storage
CT-00712,AI-005,2026-04,storage,Infrastructure,programme,V-HPE-INF,CC-TEC-AI,6160.97,IT Service Desk AI: storage
CT-00713,AI-005,2026-05,storage,Infrastructure,programme,V-HPE-INF,CC-TEC-AI,6210.96,IT Service Desk AI: storage
CT-00714,AI-005,2026-06,storage,Infrastructure,programme,V-HPE-INF,CC-TEC-AI,6030.79,IT Service Desk AI: storage
CT-00715,AI-005,2026-07,storage,Infrastructure,programme,V-HPE-INF,CC-TEC-AI,6201.2,IT Service Desk AI: storage
CT-00716,AI-005,2026-08,storage,Infrastructure,programme,V-HPE-INF,CC-TEC-AI,5984.5,IT Service Desk AI: storage
CT-00717,AI-005,2025-09,networking,Infrastructure,programme,V-HPE-NET,CC-TEC-AI,4556.48,IT Service Desk AI: networking
CT-00718,AI-005,2025-10,networking,Infrastructure,programme,V-HPE-NET,CC-TEC-AI,4438.2,IT Service Desk AI: networking
CT-00719,AI-005,2025-11,networking,Infrastructure,programme,V-HPE-NET,CC-TEC-AI,2952.27,IT Service Desk AI: networking
CT-00720,AI-005,2025-12,networking,Infrastructure,programme,V-HPE-NET,CC-TEC-AI,3172.33,IT Service Desk AI: networking
CT-00721,AI-005,2026-01,networking,Infrastructure,programme,V-HPE-NET,CC-TEC-AI,2973.73,IT Service Desk AI: networking
CT-00722,AI-005,2026-02,networking,Infrastructure,programme,V-HPE-NET,CC-TEC-AI,3143.91,IT Service Desk AI: networking
CT-00723,AI-005,2026-03,networking,Infrastructure,programme,V-HPE-NET,CC-TEC-AI,3280.3,IT Service Desk AI: networking
CT-00724,AI-005,2026-04,networking,Infrastructure,programme,V-HPE-NET,CC-TEC-AI,3168.54,IT Service Desk AI: networking
CT-00725,AI-005,2026-05,networking,Infrastructure,programme,V-HPE-NET,CC-TEC-AI,3210.72,IT Service Desk AI: networking
CT-00726,AI-005,2026-06,networking,Infrastructure,programme,V-HPE-NET,CC-TEC-AI,3048.95,IT Service Desk AI: networking
CT-00727,AI-005,2026-07,networking,Infrastructure,programme,V-HPE-NET,CC-TEC-AI,2980.31,IT Service Desk AI: networking
CT-00728,AI-005,2026-08,networking,Infrastructure,programme,V-HPE-NET,CC-TEC-AI,3048.18,IT Service Desk AI: networking
CT-00729,AI-005,2025-09,software,Software,programme,V-SW-A,CC-TEC-AI,17628.22,IT Service Desk AI: software
CT-00730,AI-005,2025-10,software,Software,programme,V-SW-A,CC-TEC-AI,18763.76,IT Service Desk AI: software
CT-00731,AI-005,2025-11,software,Software,programme,V-SW-A,CC-TEC-AI,11915.0,IT Service Desk AI: software
CT-00732,AI-005,2025-12,software,Software,programme,V-SW-A,CC-TEC-AI,11625.72,IT Service Desk AI: software
CT-00733,AI-005,2026-01,software,Software,programme,V-SW-A,CC-TEC-AI,13208.88,IT Service Desk AI: software
CT-00734,AI-005,2026-02,software,Software,programme,V-SW-A,CC-TEC-AI,11978.59,IT Service Desk AI: software
CT-00735,AI-005,2026-03,software,Software,programme,V-SW-A,CC-TEC-AI,12828.35,IT Service Desk AI: software
CT-00736,AI-005,2026-04,software,Software,programme,V-SW-A,CC-TEC-AI,12989.16,IT Service Desk AI: software
CT-00737,AI-005,2026-05,software,Software,programme,V-SW-A,CC-TEC-AI,12970.24,IT Service Desk AI: software
CT-00738,AI-005,2026-06,software,Software,programme,V-SW-A,CC-TEC-AI,12202.73,IT Service Desk AI: software
CT-00739,AI-005,2026-07,software,Software,programme,V-SW-A,CC-TEC-AI,11896.13,IT Service Desk AI: software
CT-00740,AI-005,2026-08,software,Software,programme,V-SW-A,CC-TEC-AI,12159.13,IT Service Desk AI: software
CT-00741,AI-005,2025-09,saas,Software,programme,V-SAAS-B,CC-TEC-AI,13035.43,IT Service Desk AI: saas
CT-00742,AI-005,2025-10,saas,Software,programme,V-SAAS-B,CC-TEC-AI,13477.0,IT Service Desk AI: saas
CT-00743,AI-005,2025-11,saas,Software,programme,V-SAAS-B,CC-TEC-AI,9372.33,IT Service Desk AI: saas
CT-00744,AI-005,2025-12,saas,Software,programme,V-SAAS-B,CC-TEC-AI,9212.12,IT Service Desk AI: saas
CT-00745,AI-005,2026-01,saas,Software,programme,V-SAAS-B,CC-TEC-AI,9418.99,IT Service Desk AI: saas
CT-00746,AI-005,2026-02,saas,Software,programme,V-SAAS-B,CC-TEC-AI,9765.96,IT Service Desk AI: saas
CT-00747,AI-005,2026-03,saas,Software,programme,V-SAAS-B,CC-TEC-AI,9157.86,IT Service Desk AI: saas
CT-00748,AI-005,2026-04,saas,Software,programme,V-SAAS-B,CC-TEC-AI,9212.17,IT Service Desk AI: saas
CT-00749,AI-005,2026-05,saas,Software,programme,V-SAAS-B,CC-TEC-AI,9416.72,IT Service Desk AI: saas
CT-00750,AI-005,2026-06,saas,Software,programme,V-SAAS-B,CC-TEC-AI,8927.84,IT Service Desk AI: saas
CT-00751,AI-005,2026-07,saas,Software,programme,V-SAAS-B,CC-TEC-AI,8605.44,IT Service Desk AI: saas
CT-00752,AI-005,2026-08,saas,Software,programme,V-SAAS-B,CC-TEC-AI,9513.39,IT Service Desk AI: saas
CT-00753,AI-005,2025-09,cloud,Cloud,programme,V-HPE-GL,CC-TEC-AI,55341.32,IT Service Desk AI: cloud
CT-00754,AI-005,2025-10,cloud,Cloud,programme,V-HPE-GL,CC-TEC-AI,56878.09,IT Service Desk AI: cloud
CT-00755,AI-005,2025-11,cloud,Cloud,programme,V-HPE-GL,CC-TEC-AI,38926.51,IT Service Desk AI: cloud
CT-00756,AI-005,2025-12,cloud,Cloud,programme,V-HPE-GL,CC-TEC-AI,37558.32,IT Service Desk AI: cloud
CT-00757,AI-005,2026-01,cloud,Cloud,programme,V-HPE-GL,CC-TEC-AI,40341.74,IT Service Desk AI: cloud
CT-00758,AI-005,2026-02,cloud,Cloud,programme,V-HPE-GL,CC-TEC-AI,35399.26,IT Service Desk AI: cloud
CT-00759,AI-005,2026-03,cloud,Cloud,programme,V-HPE-GL,CC-TEC-AI,36955.52,IT Service Desk AI: cloud
CT-00760,AI-005,2026-04,cloud,Cloud,programme,V-HPE-GL,CC-TEC-AI,36181.84,IT Service Desk AI: cloud
CT-00761,AI-005,2026-05,cloud,Cloud,programme,V-HPE-GL,CC-TEC-AI,35061.77,IT Service Desk AI: cloud
CT-00762,AI-005,2026-06,cloud,Cloud,programme,V-HPE-GL,CC-TEC-AI,36587.39,IT Service Desk AI: cloud
CT-00763,AI-005,2026-07,cloud,Cloud,programme,V-HPE-GL,CC-TEC-AI,38797.08,IT Service Desk AI: cloud
CT-00764,AI-005,2026-08,cloud,Cloud,programme,V-HPE-GL,CC-TEC-AI,37691.31,IT Service Desk AI: cloud
CT-00765,AI-005,2025-09,vendors,Services,programme,V-SVC-D,CC-TEC-AI,10637.35,IT Service Desk AI: vendors
CT-00766,AI-005,2025-10,vendors,Services,programme,V-SVC-D,CC-TEC-AI,11016.75,IT Service Desk AI: vendors
CT-00767,AI-005,2025-11,vendors,Services,programme,V-SVC-D,CC-TEC-AI,7931.88,IT Service Desk AI: vendors
CT-00768,AI-005,2025-12,vendors,Services,programme,V-SVC-D,CC-TEC-AI,7334.44,IT Service Desk AI: vendors
CT-00769,AI-005,2026-01,vendors,Services,programme,V-SVC-D,CC-TEC-AI,7916.44,IT Service Desk AI: vendors
CT-00770,AI-005,2026-02,vendors,Services,programme,V-SVC-D,CC-TEC-AI,7627.06,IT Service Desk AI: vendors
CT-00771,AI-005,2026-03,vendors,Services,programme,V-SVC-D,CC-TEC-AI,7544.5,IT Service Desk AI: vendors
CT-00772,AI-005,2026-04,vendors,Services,programme,V-SVC-D,CC-TEC-AI,7891.2,IT Service Desk AI: vendors
CT-00773,AI-005,2026-05,vendors,Services,programme,V-SVC-D,CC-TEC-AI,7619.38,IT Service Desk AI: vendors
CT-00774,AI-005,2026-06,vendors,Services,programme,V-SVC-D,CC-TEC-AI,7997.05,IT Service Desk AI: vendors
CT-00775,AI-005,2026-07,vendors,Services,programme,V-SVC-D,CC-TEC-AI,8031.12,IT Service Desk AI: vendors
CT-00776,AI-005,2026-08,vendors,Services,programme,V-SVC-D,CC-TEC-AI,7854.2,IT Service Desk AI: vendors
CT-00777,AI-005,2025-09,consulting,Services,programme,V-SI-C,CC-TEC-AI,20036.44,IT Service Desk AI: consulting
CT-00778,AI-005,2025-10,consulting,Services,programme,V-SI-C,CC-TEC-AI,20783.63,IT Service Desk AI: consulting
CT-00779,AI-005,2025-11,consulting,Services,programme,V-SI-C,CC-TEC-AI,13167.26,IT Service Desk AI: consulting
CT-00780,AI-005,2025-12,consulting,Services,programme,V-SI-C,CC-TEC-AI,14371.01,IT Service Desk AI: consulting
CT-00781,AI-005,2026-01,consulting,Services,programme,V-SI-C,CC-TEC-AI,13349.24,IT Service Desk AI: consulting
CT-00782,AI-005,2026-02,consulting,Services,programme,V-SI-C,CC-TEC-AI,13087.67,IT Service Desk AI: consulting
CT-00783,AI-005,2026-03,consulting,Services,programme,V-SI-C,CC-TEC-AI,14008.39,IT Service Desk AI: consulting
CT-00784,AI-005,2026-04,consulting,Services,programme,V-SI-C,CC-TEC-AI,14905.37,IT Service Desk AI: consulting
CT-00785,AI-005,2026-05,consulting,Services,programme,V-SI-C,CC-TEC-AI,14274.93,IT Service Desk AI: consulting
CT-00786,AI-005,2026-06,consulting,Services,programme,V-SI-C,CC-TEC-AI,13967.78,IT Service Desk AI: consulting
CT-00787,AI-005,2026-07,consulting,Services,programme,V-SI-C,CC-TEC-AI,14070.85,IT Service Desk AI: consulting
CT-00788,AI-005,2026-08,consulting,Services,programme,V-SI-C,CC-TEC-AI,13578.48,IT Service Desk AI: consulting
CT-00789,AI-005,2025-09,employees,People,programme,,CC-TEC-AI,48940.1,IT Service Desk AI: employees
CT-00790,AI-005,2025-10,employees,People,programme,,CC-TEC-AI,52417.26,IT Service Desk AI: employees
CT-00791,AI-005,2025-11,employees,People,programme,,CC-TEC-AI,34167.8,IT Service Desk AI: employees
CT-00792,AI-005,2025-12,employees,People,programme,,CC-TEC-AI,37468.22,IT Service Desk AI: employees
CT-00793,AI-005,2026-01,employees,People,programme,,CC-TEC-AI,36077.81,IT Service Desk AI: employees
CT-00794,AI-005,2026-02,employees,People,programme,,CC-TEC-AI,37796.29,IT Service Desk AI: employees
CT-00795,AI-005,2026-03,employees,People,programme,,CC-TEC-AI,35438.14,IT Service Desk AI: employees
CT-00796,AI-005,2026-04,employees,People,programme,,CC-TEC-AI,34443.11,IT Service Desk AI: employees
CT-00797,AI-005,2026-05,employees,People,programme,,CC-TEC-AI,34779.59,IT Service Desk AI: employees
CT-00798,AI-005,2026-06,employees,People,programme,,CC-TEC-AI,36514.76,IT Service Desk AI: employees
CT-00799,AI-005,2026-07,employees,People,programme,,CC-TEC-AI,34954.94,IT Service Desk AI: employees
CT-00800,AI-005,2026-08,employees,People,programme,,CC-TEC-AI,34777.1,IT Service Desk AI: employees
CT-00801,AI-005,2025-09,training,People,programme,V-TRN-F,CC-TEC-AI,6899.38,IT Service Desk AI: training
CT-00802,AI-005,2025-10,training,People,programme,V-TRN-F,CC-TEC-AI,6826.96,IT Service Desk AI: training
CT-00803,AI-005,2025-11,training,People,programme,V-TRN-F,CC-TEC-AI,4667.4,IT Service Desk AI: training
CT-00804,AI-005,2025-12,training,People,programme,V-TRN-F,CC-TEC-AI,4582.5,IT Service Desk AI: training
CT-00805,AI-005,2026-01,training,People,programme,V-TRN-F,CC-TEC-AI,4843.81,IT Service Desk AI: training
CT-00806,AI-005,2026-02,training,People,programme,V-TRN-F,CC-TEC-AI,4467.76,IT Service Desk AI: training
CT-00807,AI-005,2026-03,training,People,programme,V-TRN-F,CC-TEC-AI,4713.77,IT Service Desk AI: training
CT-00808,AI-005,2026-04,training,People,programme,V-TRN-F,CC-TEC-AI,4287.24,IT Service Desk AI: training
CT-00809,AI-005,2026-05,training,People,programme,V-TRN-F,CC-TEC-AI,4814.06,IT Service Desk AI: training
CT-00810,AI-005,2026-06,training,People,programme,V-TRN-F,CC-TEC-AI,4487.21,IT Service Desk AI: training
CT-00811,AI-005,2026-07,training,People,programme,V-TRN-F,CC-TEC-AI,4604.44,IT Service Desk AI: training
CT-00812,AI-005,2026-08,training,People,programme,V-TRN-F,CC-TEC-AI,4779.51,IT Service Desk AI: training
CT-00813,AI-005,2025-09,data,Other,programme,V-DATA-E,CC-TEC-AI,11236.72,IT Service Desk AI: data
CT-00814,AI-005,2025-10,data,Other,programme,V-DATA-E,CC-TEC-AI,10643.71,IT Service Desk AI: data
CT-00815,AI-005,2025-11,data,Other,programme,V-DATA-E,CC-TEC-AI,7684.9,IT Service Desk AI: data
CT-00816,AI-005,2025-12,data,Other,programme,V-DATA-E,CC-TEC-AI,8718.34,IT Service Desk AI: data
CT-00817,AI-005,2026-01,data,Other,programme,V-DATA-E,CC-TEC-AI,7466.48,IT Service Desk AI: data
CT-00818,AI-005,2026-02,data,Other,programme,V-DATA-E,CC-TEC-AI,7693.07,IT Service Desk AI: data
CT-00819,AI-005,2026-03,data,Other,programme,V-DATA-E,CC-TEC-AI,7520.67,IT Service Desk AI: data
CT-00820,AI-005,2026-04,data,Other,programme,V-DATA-E,CC-TEC-AI,7491.48,IT Service Desk AI: data
CT-00821,AI-005,2026-05,data,Other,programme,V-DATA-E,CC-TEC-AI,7592.13,IT Service Desk AI: data
CT-00822,AI-005,2026-06,data,Other,programme,V-DATA-E,CC-TEC-AI,7691.13,IT Service Desk AI: data
CT-00823,AI-005,2026-07,data,Other,programme,V-DATA-E,CC-TEC-AI,7111.32,IT Service Desk AI: data
CT-00824,AI-005,2026-08,data,Other,programme,V-DATA-E,CC-TEC-AI,8177.87,IT Service Desk AI: data
CT-00825,AI-005,2025-11,employees,Incremental operating cost,incremental_opex,,CC-TEC-OPS,21000.0,"IT Service Desk AI: business run cost (review, change management, support)"
CT-00826,AI-005,2025-12,employees,Incremental operating cost,incremental_opex,,CC-TEC-OPS,21000.0,"IT Service Desk AI: business run cost (review, change management, support)"
CT-00827,AI-005,2026-01,employees,Incremental operating cost,incremental_opex,,CC-TEC-OPS,21000.0,"IT Service Desk AI: business run cost (review, change management, support)"
CT-00828,AI-005,2026-02,employees,Incremental operating cost,incremental_opex,,CC-TEC-OPS,21000.0,"IT Service Desk AI: business run cost (review, change management, support)"
CT-00829,AI-005,2026-03,employees,Incremental operating cost,incremental_opex,,CC-TEC-OPS,21000.0,"IT Service Desk AI: business run cost (review, change management, support)"
CT-00830,AI-005,2026-04,employees,Incremental operating cost,incremental_opex,,CC-TEC-OPS,21000.0,"IT Service Desk AI: business run cost (review, change management, support)"
CT-00831,AI-005,2026-05,employees,Incremental operating cost,incremental_opex,,CC-TEC-OPS,21000.0,"IT Service Desk AI: business run cost (review, change management, support)"
CT-00832,AI-005,2026-06,employees,Incremental operating cost,incremental_opex,,CC-TEC-OPS,21000.0,"IT Service Desk AI: business run cost (review, change management, support)"
CT-00833,AI-005,2026-07,employees,Incremental operating cost,incremental_opex,,CC-TEC-OPS,21000.0,"IT Service Desk AI: business run cost (review, change management, support)"
CT-00834,AI-005,2026-08,employees,Incremental operating cost,incremental_opex,,CC-TEC-OPS,21000.0,"IT Service Desk AI: business run cost (review, change management, support)"
CT-00835,AI-006,2025-10,gpu,Infrastructure,programme,V-HPE-INF,CC-COR-AI,50997.48,Enterprise Knowledge Copilot: gpu
CT-00836,AI-006,2025-11,gpu,Infrastructure,programme,V-HPE-INF,CC-COR-AI,51574.65,Enterprise Knowledge Copilot: gpu
CT-00837,AI-006,2025-12,gpu,Infrastructure,programme,V-HPE-INF,CC-COR-AI,52441.59,Enterprise Knowledge Copilot: gpu
CT-00838,AI-006,2026-01,gpu,Infrastructure,programme,V-HPE-INF,CC-COR-AI,35512.88,Enterprise Knowledge Copilot: gpu
CT-00839,AI-006,2026-02,gpu,Infrastructure,programme,V-HPE-INF,CC-COR-AI,34628.69,Enterprise Knowledge Copilot: gpu
CT-00840,AI-006,2026-03,gpu,Infrastructure,programme,V-HPE-INF,CC-COR-AI,36980.15,Enterprise Knowledge Copilot: gpu
CT-00841,AI-006,2026-04,gpu,Infrastructure,programme,V-HPE-INF,CC-COR-AI,38977.73,Enterprise Knowledge Copilot: gpu
CT-00842,AI-006,2026-05,gpu,Infrastructure,programme,V-HPE-INF,CC-COR-AI,33369.67,Enterprise Knowledge Copilot: gpu
CT-00843,AI-006,2026-06,gpu,Infrastructure,programme,V-HPE-INF,CC-COR-AI,50092.67,Enterprise Knowledge Copilot: gpu
CT-00844,AI-006,2026-07,gpu,Infrastructure,programme,V-HPE-INF,CC-COR-AI,51696.48,Enterprise Knowledge Copilot: gpu
CT-00845,AI-006,2026-08,gpu,Infrastructure,programme,V-HPE-INF,CC-COR-AI,53297.29,Enterprise Knowledge Copilot: gpu
CT-00846,AI-006,2025-10,compute,Infrastructure,programme,V-HPE-INF,CC-COR-AI,21307.49,Enterprise Knowledge Copilot: compute
CT-00847,AI-006,2025-11,compute,Infrastructure,programme,V-HPE-INF,CC-COR-AI,23047.01,Enterprise Knowledge Copilot: compute
CT-00848,AI-006,2025-12,compute,Infrastructure,programme,V-HPE-INF,CC-COR-AI,21510.62,Enterprise Knowledge Copilot: compute
CT-00849,AI-006,2026-01,compute,Infrastructure,programme,V-HPE-INF,CC-COR-AI,14346.53,Enterprise Knowledge Copilot: compute
CT-00850,AI-006,2026-02,compute,Infrastructure,programme,V-HPE-INF,CC-COR-AI,15232.42,Enterprise Knowledge Copilot: compute
CT-00851,AI-006,2026-03,compute,Infrastructure,programme,V-HPE-INF,CC-COR-AI,13651.28,Enterprise Knowledge Copilot: compute
CT-00852,AI-006,2026-04,compute,Infrastructure,programme,V-HPE-INF,CC-COR-AI,15338.81,Enterprise Knowledge Copilot: compute
CT-00853,AI-006,2026-05,compute,Infrastructure,programme,V-HPE-INF,CC-COR-AI,13484.39,Enterprise Knowledge Copilot: compute
CT-00854,AI-006,2026-06,compute,Infrastructure,programme,V-HPE-INF,CC-COR-AI,16154.4,Enterprise Knowledge Copilot: compute
CT-00855,AI-006,2026-07,compute,Infrastructure,programme,V-HPE-INF,CC-COR-AI,14088.06,Enterprise Knowledge Copilot: compute
CT-00856,AI-006,2026-08,compute,Infrastructure,programme,V-HPE-INF,CC-COR-AI,16085.07,Enterprise Knowledge Copilot: compute
CT-00857,AI-006,2025-10,storage,Infrastructure,programme,V-HPE-INF,CC-COR-AI,22398.17,Enterprise Knowledge Copilot: storage
CT-00858,AI-006,2025-11,storage,Infrastructure,programme,V-HPE-INF,CC-COR-AI,23287.35,Enterprise Knowledge Copilot: storage
CT-00859,AI-006,2025-12,storage,Infrastructure,programme,V-HPE-INF,CC-COR-AI,22981.48,Enterprise Knowledge Copilot: storage
CT-00860,AI-006,2026-01,storage,Infrastructure,programme,V-HPE-INF,CC-COR-AI,15323.14,Enterprise Knowledge Copilot: storage
CT-00861,AI-006,2026-02,storage,Infrastructure,programme,V-HPE-INF,CC-COR-AI,14865.67,Enterprise Knowledge Copilot: storage
CT-00862,AI-006,2026-03,storage,Infrastructure,programme,V-HPE-INF,CC-COR-AI,15218.27,Enterprise Knowledge Copilot: storage
CT-00863,AI-006,2026-04,storage,Infrastructure,programme,V-HPE-INF,CC-COR-AI,13915.11,Enterprise Knowledge Copilot: storage
CT-00864,AI-006,2026-05,storage,Infrastructure,programme,V-HPE-INF,CC-COR-AI,15722.2,Enterprise Knowledge Copilot: storage
CT-00865,AI-006,2026-06,storage,Infrastructure,programme,V-HPE-INF,CC-COR-AI,14587.08,Enterprise Knowledge Copilot: storage
CT-00866,AI-006,2026-07,storage,Infrastructure,programme,V-HPE-INF,CC-COR-AI,16739.9,Enterprise Knowledge Copilot: storage
CT-00867,AI-006,2026-08,storage,Infrastructure,programme,V-HPE-INF,CC-COR-AI,14223.12,Enterprise Knowledge Copilot: storage
CT-00868,AI-006,2025-10,networking,Infrastructure,programme,V-HPE-NET,CC-COR-AI,13835.65,Enterprise Knowledge Copilot: networking
CT-00869,AI-006,2025-11,networking,Infrastructure,programme,V-HPE-NET,CC-COR-AI,14305.58,Enterprise Knowledge Copilot: networking
CT-00870,AI-006,2025-12,networking,Infrastructure,programme,V-HPE-NET,CC-COR-AI,13402.49,Enterprise Knowledge Copilot: networking
CT-00871,AI-006,2026-01,networking,Infrastructure,programme,V-HPE-NET,CC-COR-AI,9321.87,Enterprise Knowledge Copilot: networking
CT-00872,AI-006,2026-02,networking,Infrastructure,programme,V-HPE-NET,CC-COR-AI,8802.8,Enterprise Knowledge Copilot: networking
CT-00873,AI-006,2026-03,networking,Infrastructure,programme,V-HPE-NET,CC-COR-AI,9579.76,Enterprise Knowledge Copilot: networking
CT-00874,AI-006,2026-04,networking,Infrastructure,programme,V-HPE-NET,CC-COR-AI,8639.21,Enterprise Knowledge Copilot: networking
CT-00875,AI-006,2026-05,networking,Infrastructure,programme,V-HPE-NET,CC-COR-AI,9203.16,Enterprise Knowledge Copilot: networking
CT-00876,AI-006,2026-06,networking,Infrastructure,programme,V-HPE-NET,CC-COR-AI,8384.49,Enterprise Knowledge Copilot: networking
CT-00877,AI-006,2026-07,networking,Infrastructure,programme,V-HPE-NET,CC-COR-AI,8591.67,Enterprise Knowledge Copilot: networking
CT-00878,AI-006,2026-08,networking,Infrastructure,programme,V-HPE-NET,CC-COR-AI,9099.36,Enterprise Knowledge Copilot: networking
CT-00879,AI-006,2025-10,software,Software,programme,V-SW-A,CC-COR-AI,36347.75,Enterprise Knowledge Copilot: software
CT-00880,AI-006,2025-11,software,Software,programme,V-SW-A,CC-COR-AI,34117.73,Enterprise Knowledge Copilot: software
CT-00881,AI-006,2025-12,software,Software,programme,V-SW-A,CC-COR-AI,34662.09,Enterprise Knowledge Copilot: software
CT-00882,AI-006,2026-01,software,Software,programme,V-SW-A,CC-COR-AI,26418.27,Enterprise Knowledge Copilot: software
CT-00883,AI-006,2026-02,software,Software,programme,V-SW-A,CC-COR-AI,25213.06,Enterprise Knowledge Copilot: software
CT-00884,AI-006,2026-03,software,Software,programme,V-SW-A,CC-COR-AI,23397.24,Enterprise Knowledge Copilot: software
CT-00885,AI-006,2026-04,software,Software,programme,V-SW-A,CC-COR-AI,24824.31,Enterprise Knowledge Copilot: software
CT-00886,AI-006,2026-05,software,Software,programme,V-SW-A,CC-COR-AI,25088.39,Enterprise Knowledge Copilot: software
CT-00887,AI-006,2026-06,software,Software,programme,V-SW-A,CC-COR-AI,22214.03,Enterprise Knowledge Copilot: software
CT-00888,AI-006,2026-07,software,Software,programme,V-SW-A,CC-COR-AI,23318.36,Enterprise Knowledge Copilot: software
CT-00889,AI-006,2026-08,software,Software,programme,V-SW-A,CC-COR-AI,24475.12,Enterprise Knowledge Copilot: software
CT-00890,AI-006,2025-10,saas,Software,programme,V-SAAS-B,CC-COR-AI,31303.46,Enterprise Knowledge Copilot: saas
CT-00891,AI-006,2025-11,saas,Software,programme,V-SAAS-B,CC-COR-AI,29686.95,Enterprise Knowledge Copilot: saas
CT-00892,AI-006,2025-12,saas,Software,programme,V-SAAS-B,CC-COR-AI,29458.34,Enterprise Knowledge Copilot: saas
CT-00893,AI-006,2026-01,saas,Software,programme,V-SAAS-B,CC-COR-AI,21517.8,Enterprise Knowledge Copilot: saas
CT-00894,AI-006,2026-02,saas,Software,programme,V-SAAS-B,CC-COR-AI,21034.82,Enterprise Knowledge Copilot: saas
CT-00895,AI-006,2026-03,saas,Software,programme,V-SAAS-B,CC-COR-AI,19563.67,Enterprise Knowledge Copilot: saas
CT-00896,AI-006,2026-04,saas,Software,programme,V-SAAS-B,CC-COR-AI,19866.26,Enterprise Knowledge Copilot: saas
CT-00897,AI-006,2026-05,saas,Software,programme,V-SAAS-B,CC-COR-AI,26689.64,Enterprise Knowledge Copilot: saas
CT-00898,AI-006,2026-06,saas,Software,programme,V-SAAS-B,CC-COR-AI,25629.15,Enterprise Knowledge Copilot: saas
CT-00899,AI-006,2026-07,saas,Software,programme,V-SAAS-B,CC-COR-AI,24719.34,Enterprise Knowledge Copilot: saas
CT-00900,AI-006,2026-08,saas,Software,programme,V-SAAS-B,CC-COR-AI,26237.47,Enterprise Knowledge Copilot: saas
CT-00901,AI-006,2025-10,cloud,Cloud,programme,V-HPE-GL,CC-COR-AI,42131.42,Enterprise Knowledge Copilot: cloud
CT-00902,AI-006,2025-10,cloud,Cloud,programme,V-PC-G,CC-COR-AI,28087.61,Enterprise Knowledge Copilot: cloud
CT-00903,AI-006,2025-11,cloud,Cloud,programme,V-HPE-GL,CC-COR-AI,41081.47,Enterprise Knowledge Copilot: cloud
CT-00904,AI-006,2025-11,cloud,Cloud,programme,V-PC-G,CC-COR-AI,27387.65,Enterprise Knowledge Copilot: cloud
CT-00905,AI-006,2025-12,cloud,Cloud,programme,V-HPE-GL,CC-COR-AI,44905.65,Enterprise Knowledge Copilot: cloud
CT-00906,AI-006,2025-12,cloud,Cloud,programme,V-PC-G,CC-COR-AI,29937.1,Enterprise Knowledge Copilot: cloud
CT-00907,AI-006,2026-01,cloud,Cloud,programme,V-PC-G,CC-COR-AI,49599.69,Enterprise Knowledge Copilot: cloud
CT-00908,AI-006,2026-02,cloud,Cloud,programme,V-PC-G,CC-COR-AI,50937.04,Enterprise Knowledge Copilot: cloud
CT-00909,AI-006,2026-03,cloud,Cloud,programme,V-PC-G,CC-COR-AI,46072.11,Enterprise Knowledge Copilot: cloud
CT-00910,AI-006,2026-04,cloud,Cloud,programme,V-HPE-GL,CC-COR-AI,42223.43,Enterprise Knowledge Copilot: cloud
CT-00911,AI-006,2026-04,cloud,Cloud,programme,V-PC-G,CC-COR-AI,28148.95,Enterprise Knowledge Copilot: cloud
CT-00912,AI-006,2026-05,cloud,Cloud,programme,V-HPE-GL,CC-COR-AI,43793.75,Enterprise Knowledge Copilot: cloud
CT-00913,AI-006,2026-05,cloud,Cloud,programme,V-PC-G,CC-COR-AI,29195.83,Enterprise Knowledge Copilot: cloud
CT-00914,AI-006,2026-06,cloud,Cloud,programme,V-HPE-GL,CC-COR-AI,41192.51,Enterprise Knowledge Copilot: cloud
CT-00915,AI-006,2026-06,cloud,Cloud,programme,V-PC-G,CC-COR-AI,27461.68,Enterprise Knowledge Copilot: cloud
CT-00916,AI-006,2026-07,cloud,Cloud,programme,V-HPE-GL,CC-COR-AI,42570.83,Enterprise Knowledge Copilot: cloud
CT-00917,AI-006,2026-07,cloud,Cloud,programme,V-PC-G,CC-COR-AI,28380.55,Enterprise Knowledge Copilot: cloud
CT-00918,AI-006,2026-08,cloud,Cloud,programme,V-HPE-GL,CC-COR-AI,41301.26,Enterprise Knowledge Copilot: cloud
CT-00919,AI-006,2026-08,cloud,Cloud,programme,V-PC-G,CC-COR-AI,27534.17,Enterprise Knowledge Copilot: cloud
CT-00920,AI-006,2025-10,vendors,Services,programme,V-SVC-D,CC-COR-AI,17805.4,Enterprise Knowledge Copilot: vendors
CT-00921,AI-006,2025-11,vendors,Services,programme,V-SVC-D,CC-COR-AI,18119.94,Enterprise Knowledge Copilot: vendors
CT-00922,AI-006,2025-12,vendors,Services,programme,V-SVC-D,CC-COR-AI,17417.99,Enterprise Knowledge Copilot: vendors
CT-00923,AI-006,2026-01,vendors,Services,programme,V-SVC-D,CC-COR-AI,12229.24,Enterprise Knowledge Copilot: vendors
CT-00924,AI-006,2026-02,vendors,Services,programme,V-SVC-D,CC-COR-AI,12110.89,Enterprise Knowledge Copilot: vendors
CT-00925,AI-006,2026-03,vendors,Services,programme,V-SVC-D,CC-COR-AI,11677.29,Enterprise Knowledge Copilot: vendors
CT-00926,AI-006,2026-04,vendors,Services,programme,V-SVC-D,CC-COR-AI,11238.42,Enterprise Knowledge Copilot: vendors
CT-00927,AI-006,2026-05,vendors,Services,programme,V-SVC-D,CC-COR-AI,12314.06,Enterprise Knowledge Copilot: vendors
CT-00928,AI-006,2026-06,vendors,Services,programme,V-SVC-D,CC-COR-AI,12385.94,Enterprise Knowledge Copilot: vendors
CT-00929,AI-006,2026-07,vendors,Services,programme,V-SVC-D,CC-COR-AI,11402.26,Enterprise Knowledge Copilot: vendors
CT-00930,AI-006,2026-08,vendors,Services,programme,V-SVC-D,CC-COR-AI,11813.78,Enterprise Knowledge Copilot: vendors
CT-00931,AI-006,2025-10,consulting,Services,programme,V-SI-C,CC-COR-AI,35235.74,Enterprise Knowledge Copilot: consulting
CT-00932,AI-006,2025-11,consulting,Services,programme,V-SI-C,CC-COR-AI,35606.16,Enterprise Knowledge Copilot: consulting
CT-00933,AI-006,2025-12,consulting,Services,programme,V-SI-C,CC-COR-AI,38631.87,Enterprise Knowledge Copilot: consulting
CT-00934,AI-006,2026-01,consulting,Services,programme,V-SI-C,CC-COR-AI,23546.59,Enterprise Knowledge Copilot: consulting
CT-00935,AI-006,2026-02,consulting,Services,programme,V-SI-C,CC-COR-AI,24362.05,Enterprise Knowledge Copilot: consulting
CT-00936,AI-006,2026-03,consulting,Services,programme,V-SI-C,CC-COR-AI,23950.27,Enterprise Knowledge Copilot: consulting
CT-00937,AI-006,2026-04,consulting,Services,programme,V-SI-C,CC-COR-AI,24460.48,Enterprise Knowledge Copilot: consulting
CT-00938,AI-006,2026-05,consulting,Services,programme,V-SI-C,CC-COR-AI,24997.19,Enterprise Knowledge Copilot: consulting
CT-00939,AI-006,2026-06,consulting,Services,programme,V-SI-C,CC-COR-AI,24439.72,Enterprise Knowledge Copilot: consulting
CT-00940,AI-006,2026-07,consulting,Services,programme,V-SI-C,CC-COR-AI,24984.65,Enterprise Knowledge Copilot: consulting
CT-00941,AI-006,2026-08,consulting,Services,programme,V-SI-C,CC-COR-AI,24849.16,Enterprise Knowledge Copilot: consulting
CT-00942,AI-006,2025-10,employees,People,programme,,CC-COR-AI,60093.07,Enterprise Knowledge Copilot: employees
CT-00943,AI-006,2025-10,employees,People,programme,,CC-COR-AI,40062.05,Enterprise Knowledge Copilot: employees
CT-00944,AI-006,2025-11,employees,People,programme,,CC-COR-AI,61904.56,Enterprise Knowledge Copilot: employees
CT-00945,AI-006,2025-11,employees,People,programme,,CC-COR-AI,41269.71,Enterprise Knowledge Copilot: employees
CT-00946,AI-006,2025-12,employees,People,programme,,CC-COR-AI,63928.55,Enterprise Knowledge Copilot: employees
CT-00947,AI-006,2025-12,employees,People,programme,,CC-COR-AI,42619.03,Enterprise Knowledge Copilot: employees
CT-00948,AI-006,2026-01,employees,People,programme,,CC-COR-AI,39778.44,Enterprise Knowledge Copilot: employees
CT-00949,AI-006,2026-01,employees,People,programme,,CC-COR-AI,26518.96,Enterprise Knowledge Copilot: employees
CT-00950,AI-006,2026-02,employees,People,programme,,CC-COR-AI,42358.0,Enterprise Knowledge Copilot: employees
CT-00951,AI-006,2026-02,employees,People,programme,,CC-COR-AI,28238.66,Enterprise Knowledge Copilot: employees
CT-00952,AI-006,2026-03,employees,People,programme,,CC-COR-AI,43060.92,Enterprise Knowledge Copilot: employees
CT-00953,AI-006,2026-03,employees,People,programme,,CC-COR-AI,28707.28,Enterprise Knowledge Copilot: employees
CT-00954,AI-006,2026-04,employees,People,programme,,CC-COR-AI,42728.98,Enterprise Knowledge Copilot: employees
CT-00955,AI-006,2026-04,employees,People,programme,,CC-COR-AI,28485.98,Enterprise Knowledge Copilot: employees
CT-00956,AI-006,2026-05,employees,People,programme,,CC-COR-AI,45198.86,Enterprise Knowledge Copilot: employees
CT-00957,AI-006,2026-05,employees,People,programme,,CC-COR-AI,30132.58,Enterprise Knowledge Copilot: employees
CT-00958,AI-006,2026-06,employees,People,programme,,CC-COR-AI,44260.69,Enterprise Knowledge Copilot: employees
CT-00959,AI-006,2026-06,employees,People,programme,,CC-COR-AI,29507.13,Enterprise Knowledge Copilot: employees
CT-00960,AI-006,2026-07,employees,People,programme,,CC-COR-AI,44019.88,Enterprise Knowledge Copilot: employees
CT-00961,AI-006,2026-07,employees,People,programme,,CC-COR-AI,29346.59,Enterprise Knowledge Copilot: employees
CT-00962,AI-006,2026-08,employees,People,programme,,CC-COR-AI,41693.22,Enterprise Knowledge Copilot: employees
CT-00963,AI-006,2026-08,employees,People,programme,,CC-COR-AI,27795.48,Enterprise Knowledge Copilot: employees
CT-00964,AI-006,2025-10,training,People,programme,V-TRN-F,CC-COR-AI,12647.17,Enterprise Knowledge Copilot: training
CT-00965,AI-006,2025-11,training,People,programme,V-TRN-F,CC-COR-AI,14466.7,Enterprise Knowledge Copilot: training
CT-00966,AI-006,2025-12,training,People,programme,V-TRN-F,CC-COR-AI,13444.74,Enterprise Knowledge Copilot: training
CT-00967,AI-006,2026-01,training,People,programme,V-TRN-F,CC-COR-AI,9066.38,Enterprise Knowledge Copilot: training
CT-00968,AI-006,2026-02,training,People,programme,V-TRN-F,CC-COR-AI,9130.7,Enterprise Knowledge Copilot: training
CT-00969,AI-006,2026-03,training,People,programme,V-TRN-F,CC-COR-AI,8924.86,Enterprise Knowledge Copilot: training
CT-00970,AI-006,2026-04,training,People,programme,V-TRN-F,CC-COR-AI,9824.62,Enterprise Knowledge Copilot: training
CT-00971,AI-006,2026-05,training,People,programme,V-TRN-F,CC-COR-AI,9093.28,Enterprise Knowledge Copilot: training
CT-00972,AI-006,2026-06,training,People,programme,V-TRN-F,CC-COR-AI,8693.24,Enterprise Knowledge Copilot: training
CT-00973,AI-006,2026-07,training,People,programme,V-TRN-F,CC-COR-AI,8888.75,Enterprise Knowledge Copilot: training
CT-00974,AI-006,2026-08,training,People,programme,V-TRN-F,CC-COR-AI,8664.46,Enterprise Knowledge Copilot: training
CT-00975,AI-006,2025-10,data,Other,programme,V-DATA-E,CC-COR-AI,21315.87,Enterprise Knowledge Copilot: data
CT-00976,AI-006,2025-11,data,Other,programme,V-DATA-E,CC-COR-AI,21981.82,Enterprise Knowledge Copilot: data
CT-00977,AI-006,2025-12,data,Other,programme,V-DATA-E,CC-COR-AI,22415.92,Enterprise Knowledge Copilot: data
CT-00978,AI-006,2026-01,data,Other,programme,V-DATA-E,CC-COR-AI,15630.82,Enterprise Knowledge Copilot: data
CT-00979,AI-006,2026-02,data,Other,programme,V-DATA-E,CC-COR-AI,16029.22,Enterprise Knowledge Copilot: data
CT-00980,AI-006,2026-03,data,Other,programme,V-DATA-E,CC-COR-AI,15611.49,Enterprise Knowledge Copilot: data
CT-00981,AI-006,2026-04,data,Other,programme,V-DATA-E,CC-COR-AI,15616.0,Enterprise Knowledge Copilot: data
CT-00982,AI-006,2026-05,data,Other,programme,V-DATA-E,CC-COR-AI,15275.53,Enterprise Knowledge Copilot: data
CT-00983,AI-006,2026-06,data,Other,programme,V-DATA-E,CC-COR-AI,14779.63,Enterprise Knowledge Copilot: data
CT-00984,AI-006,2026-07,data,Other,programme,V-DATA-E,CC-COR-AI,14401.22,Enterprise Knowledge Copilot: data
CT-00985,AI-006,2026-08,data,Other,programme,V-DATA-E,CC-COR-AI,14841.09,Enterprise Knowledge Copilot: data
CT-00986,AI-006,2026-01,employees,Incremental operating cost,incremental_opex,,CC-COR-OPS,45000.0,"Enterprise Knowledge Copilot: business run cost (review, change management, support)"
CT-00987,AI-006,2026-02,employees,Incremental operating cost,incremental_opex,,CC-COR-OPS,45000.0,"Enterprise Knowledge Copilot: business run cost (review, change management, support)"
CT-00988,AI-006,2026-03,employees,Incremental operating cost,incremental_opex,,CC-COR-OPS,45000.0,"Enterprise Knowledge Copilot: business run cost (review, change management, support)"
CT-00989,AI-006,2026-04,employees,Incremental operating cost,incremental_opex,,CC-COR-OPS,45000.0,"Enterprise Knowledge Copilot: business run cost (review, change management, support)"
CT-00990,AI-006,2026-05,employees,Incremental operating cost,incremental_opex,,CC-COR-OPS,45000.0,"Enterprise Knowledge Copilot: business run cost (review, change management, support)"
CT-00991,AI-006,2026-06,employees,Incremental operating cost,incremental_opex,,CC-COR-OPS,45000.0,"Enterprise Knowledge Copilot: business run cost (review, change management, support)"
CT-00992,AI-006,2026-07,employees,Incremental operating cost,incremental_opex,,CC-COR-OPS,45000.0,"Enterprise Knowledge Copilot: business run cost (review, change management, support)"
CT-00993,AI-006,2026-08,employees,Incremental operating cost,incremental_opex,,CC-COR-OPS,45000.0,"Enterprise Knowledge Copilot: business run cost (review, change management, support)"
CT-00994,AI-007,2025-09,gpu,Infrastructure,programme,V-HPE-INF,CC-TEC-AI,27862.79,Cybersecurity AI: gpu
CT-00995,AI-007,2025-10,gpu,Infrastructure,programme,V-HPE-INF,CC-TEC-AI,28167.84,Cybersecurity AI: gpu
CT-00996,AI-007,2025-11,gpu,Infrastructure,programme,V-HPE-INF,CC-TEC-AI,27591.75,Cybersecurity AI: gpu
CT-00997,AI-007,2025-12,gpu,Infrastructure,programme,V-HPE-INF,CC-TEC-AI,18096.49,Cybersecurity AI: gpu
CT-00998,AI-007,2026-01,gpu,Infrastructure,programme,V-HPE-INF,CC-TEC-AI,19176.24,Cybersecurity AI: gpu
CT-00999,AI-007,2026-02,gpu,Infrastructure,programme,V-HPE-INF,CC-TEC-AI,19870.48,Cybersecurity AI: gpu
CT-01000,AI-007,2026-03,gpu,Infrastructure,programme,V-HPE-INF,CC-TEC-AI,16976.1,Cybersecurity AI: gpu
CT-01001,AI-007,2026-04,gpu,Infrastructure,programme,V-HPE-INF,CC-TEC-AI,19382.65,Cybersecurity AI: gpu
CT-01002,AI-007,2026-05,gpu,Infrastructure,programme,V-HPE-INF,CC-TEC-AI,19097.95,Cybersecurity AI: gpu
CT-01003,AI-007,2026-06,gpu,Infrastructure,programme,V-HPE-INF,CC-TEC-AI,20308.08,Cybersecurity AI: gpu
CT-01004,AI-007,2026-07,gpu,Infrastructure,programme,V-HPE-INF,CC-TEC-AI,18797.06,Cybersecurity AI: gpu
CT-01005,AI-007,2026-08,gpu,Infrastructure,programme,V-HPE-INF,CC-TEC-AI,19250.13,Cybersecurity AI: gpu
CT-01006,AI-007,2025-09,compute,Infrastructure,programme,V-HPE-INF,CC-TEC-AI,23991.45,Cybersecurity AI: compute
CT-01007,AI-007,2025-10,compute,Infrastructure,programme,V-HPE-INF,CC-TEC-AI,22887.0,Cybersecurity AI: compute
CT-01008,AI-007,2025-11,compute,Infrastructure,programme,V-HPE-INF,CC-TEC-AI,23724.43,Cybersecurity AI: compute
CT-01009,AI-007,2025-12,compute,Infrastructure,programme,V-HPE-INF,CC-TEC-AI,17392.48,Cybersecurity AI: compute
CT-01010,AI-007,2026-01,compute,Infrastructure,programme,V-HPE-INF,CC-TEC-AI,15970.34,Cybersecurity AI: compute
CT-01011,AI-007,2026-02,compute,Infrastructure,programme,V-HPE-INF,CC-TEC-AI,17281.35,Cybersecurity AI: compute
CT-01012,AI-007,2026-03,compute,Infrastructure,programme,V-HPE-INF,CC-TEC-AI,16173.06,Cybersecurity AI: compute
CT-01013,AI-007,2026-04,compute,Infrastructure,programme,V-HPE-INF,CC-TEC-AI,16964.24,Cybersecurity AI: compute
CT-01014,AI-007,2026-05,compute,Infrastructure,programme,V-HPE-INF,CC-TEC-AI,17119.98,Cybersecurity AI: compute
CT-01015,AI-007,2026-06,compute,Infrastructure,programme,V-HPE-INF,CC-TEC-AI,15920.05,Cybersecurity AI: compute
CT-01016,AI-007,2026-07,compute,Infrastructure,programme,V-HPE-INF,CC-TEC-AI,17257.01,Cybersecurity AI: compute
CT-01017,AI-007,2026-08,compute,Infrastructure,programme,V-HPE-INF,CC-TEC-AI,16950.39,Cybersecurity AI: compute
CT-01018,AI-007,2025-09,storage,Infrastructure,programme,V-HPE-INF,CC-TEC-AI,20108.04,Cybersecurity AI: storage
CT-01019,AI-007,2025-10,storage,Infrastructure,programme,V-HPE-INF,CC-TEC-AI,21220.42,Cybersecurity AI: storage
CT-01020,AI-007,2025-11,storage,Infrastructure,programme,V-HPE-INF,CC-TEC-AI,22420.84,Cybersecurity AI: storage
CT-01021,AI-007,2025-12,storage,Infrastructure,programme,V-HPE-INF,CC-TEC-AI,13880.16,Cybersecurity AI: storage
CT-01022,AI-007,2026-01,storage,Infrastructure,programme,V-HPE-INF,CC-TEC-AI,13744.3,Cybersecurity AI: storage
CT-01023,AI-007,2026-02,storage,Infrastructure,programme,V-HPE-INF,CC-TEC-AI,14434.79,Cybersecurity AI: storage
CT-01024,AI-007,2026-03,storage,Infrastructure,programme,V-HPE-INF,CC-TEC-AI,14342.08,Cybersecurity AI: storage
CT-01025,AI-007,2026-04,storage,Infrastructure,programme,V-HPE-INF,CC-TEC-AI,14116.36,Cybersecurity AI: storage
CT-01026,AI-007,2026-05,storage,Infrastructure,programme,V-HPE-INF,CC-TEC-AI,13851.71,Cybersecurity AI: storage
CT-01027,AI-007,2026-06,storage,Infrastructure,programme,V-HPE-INF,CC-TEC-AI,14922.93,Cybersecurity AI: storage
CT-01028,AI-007,2026-07,storage,Infrastructure,programme,V-HPE-INF,CC-TEC-AI,13750.06,Cybersecurity AI: storage
CT-01029,AI-007,2026-08,storage,Infrastructure,programme,V-HPE-INF,CC-TEC-AI,14188.07,Cybersecurity AI: storage
CT-01030,AI-007,2025-09,networking,Infrastructure,programme,V-HPE-NET,CC-TEC-AI,45914.38,Cybersecurity AI: networking
CT-01031,AI-007,2025-10,networking,Infrastructure,programme,V-HPE-NET,CC-TEC-AI,51239.15,Cybersecurity AI: networking
CT-01032,AI-007,2025-11,networking,Infrastructure,programme,V-HPE-NET,CC-TEC-AI,50636.52,Cybersecurity AI: networking
CT-01033,AI-007,2025-12,networking,Infrastructure,programme,V-HPE-NET,CC-TEC-AI,32626.5,Cybersecurity AI: networking
CT-01034,AI-007,2026-01,networking,Infrastructure,programme,V-HPE-NET,CC-TEC-AI,36341.3,Cybersecurity AI: networking
CT-01035,AI-007,2026-02,networking,Infrastructure,programme,V-HPE-NET,CC-TEC-AI,36049.35,Cybersecurity AI: networking
CT-01036,AI-007,2026-03,networking,Infrastructure,programme,V-HPE-NET,CC-TEC-AI,34208.38,Cybersecurity AI: networking
CT-01037,AI-007,2026-04,networking,Infrastructure,programme,V-HPE-NET,CC-TEC-AI,33758.16,Cybersecurity AI: networking
CT-01038,AI-007,2026-05,networking,Infrastructure,programme,V-HPE-NET,CC-TEC-AI,31319.74,Cybersecurity AI: networking
CT-01039,AI-007,2026-06,networking,Infrastructure,programme,V-HPE-NET,CC-TEC-AI,34015.43,Cybersecurity AI: networking
CT-01040,AI-007,2026-07,networking,Infrastructure,programme,V-HPE-NET,CC-TEC-AI,31833.48,Cybersecurity AI: networking
CT-01041,AI-007,2026-08,networking,Infrastructure,programme,V-HPE-NET,CC-TEC-AI,31878.86,Cybersecurity AI: networking
CT-01042,AI-007,2025-09,software,Software,programme,V-SW-A,CC-TEC-AI,36061.76,Cybersecurity AI: software
CT-01043,AI-007,2025-10,software,Software,programme,V-SW-A,CC-TEC-AI,36418.2,Cybersecurity AI: software
CT-01044,AI-007,2025-11,software,Software,programme,V-SW-A,CC-TEC-AI,35265.6,Cybersecurity AI: software
CT-01045,AI-007,2025-12,software,Software,programme,V-SW-A,CC-TEC-AI,23854.97,Cybersecurity AI: software
CT-01046,AI-007,2026-01,software,Software,programme,V-SW-A,CC-TEC-AI,24928.12,Cybersecurity AI: software
CT-01047,AI-007,2026-02,software,Software,programme,V-SW-A,CC-TEC-AI,24522.32,Cybersecurity AI: software
CT-01048,AI-007,2026-03,software,Software,programme,V-SW-A,CC-TEC-AI,23962.71,Cybersecurity AI: software
CT-01049,AI-007,2026-04,software,Software,programme,V-SW-A,CC-TEC-AI,25384.67,Cybersecurity AI: software
CT-01050,AI-007,2026-05,software,Software,programme,V-SW-A,CC-TEC-AI,23035.03,Cybersecurity AI: software
CT-01051,AI-007,2026-06,software,Software,programme,V-SW-A,CC-TEC-AI,22725.87,Cybersecurity AI: software
CT-01052,AI-007,2026-07,software,Software,programme,V-SW-A,CC-TEC-AI,24443.76,Cybersecurity AI: software
CT-01053,AI-007,2026-08,software,Software,programme,V-SW-A,CC-TEC-AI,24042.52,Cybersecurity AI: software
CT-01054,AI-007,2025-09,saas,Software,programme,V-SAAS-B,CC-TEC-AI,13556.43,Cybersecurity AI: saas
CT-01055,AI-007,2025-10,saas,Software,programme,V-SAAS-B,CC-TEC-AI,13588.23,Cybersecurity AI: saas
CT-01056,AI-007,2025-11,saas,Software,programme,V-SAAS-B,CC-TEC-AI,13423.33,Cybersecurity AI: saas
CT-01057,AI-007,2025-12,saas,Software,programme,V-SAAS-B,CC-TEC-AI,9790.85,Cybersecurity AI: saas
CT-01058,AI-007,2026-01,saas,Software,programme,V-SAAS-B,CC-TEC-AI,9791.96,Cybersecurity AI: saas
CT-01059,AI-007,2026-02,saas,Software,programme,V-SAAS-B,CC-TEC-AI,9181.07,Cybersecurity AI: saas
CT-01060,AI-007,2026-03,saas,Software,programme,V-SAAS-B,CC-TEC-AI,9506.28,Cybersecurity AI: saas
CT-01061,AI-007,2026-04,saas,Software,programme,V-SAAS-B,CC-TEC-AI,9228.79,Cybersecurity AI: saas
CT-01062,AI-007,2026-05,saas,Software,programme,V-SAAS-B,CC-TEC-AI,9812.07,Cybersecurity AI: saas
CT-01063,AI-007,2026-06,saas,Software,programme,V-SAAS-B,CC-TEC-AI,9769.5,Cybersecurity AI: saas
CT-01064,AI-007,2026-07,saas,Software,programme,V-SAAS-B,CC-TEC-AI,9294.55,Cybersecurity AI: saas
CT-01065,AI-007,2026-08,saas,Software,programme,V-SAAS-B,CC-TEC-AI,9752.9,Cybersecurity AI: saas
CT-01066,AI-007,2025-09,cloud,Cloud,programme,V-HPE-GL,CC-TEC-AI,21862.05,Cybersecurity AI: cloud
CT-01067,AI-007,2025-10,cloud,Cloud,programme,V-HPE-GL,CC-TEC-AI,23111.93,Cybersecurity AI: cloud
CT-01068,AI-007,2025-11,cloud,Cloud,programme,V-HPE-GL,CC-TEC-AI,22033.04,Cybersecurity AI: cloud
CT-01069,AI-007,2025-12,cloud,Cloud,programme,V-HPE-GL,CC-TEC-AI,14364.63,Cybersecurity AI: cloud
CT-01070,AI-007,2026-01,cloud,Cloud,programme,V-HPE-GL,CC-TEC-AI,13247.22,Cybersecurity AI: cloud
CT-01071,AI-007,2026-02,cloud,Cloud,programme,V-HPE-GL,CC-TEC-AI,14555.05,Cybersecurity AI: cloud
CT-01072,AI-007,2026-03,cloud,Cloud,programme,V-HPE-GL,CC-TEC-AI,14446.0,Cybersecurity AI: cloud
CT-01073,AI-007,2026-04,cloud,Cloud,programme,V-HPE-GL,CC-TEC-AI,14476.55,Cybersecurity AI: cloud
CT-01074,AI-007,2026-05,cloud,Cloud,programme,V-HPE-GL,CC-TEC-AI,14587.48,Cybersecurity AI: cloud
CT-01075,AI-007,2026-06,cloud,Cloud,programme,V-HPE-GL,CC-TEC-AI,14067.31,Cybersecurity AI: cloud
CT-01076,AI-007,2026-07,cloud,Cloud,programme,V-HPE-GL,CC-TEC-AI,13657.62,Cybersecurity AI: cloud
CT-01077,AI-007,2026-08,cloud,Cloud,programme,V-HPE-GL,CC-TEC-AI,13731.6,Cybersecurity AI: cloud
CT-01078,AI-007,2025-09,vendors,Services,programme,V-SVC-D,CC-TEC-AI,24942.79,Cybersecurity AI: vendors
CT-01079,AI-007,2025-10,vendors,Services,programme,V-SVC-D,CC-TEC-AI,24282.63,Cybersecurity AI: vendors
CT-01080,AI-007,2025-11,vendors,Services,programme,V-SVC-D,CC-TEC-AI,23273.41,Cybersecurity AI: vendors
CT-01081,AI-007,2025-12,vendors,Services,programme,V-SVC-D,CC-TEC-AI,16111.7,Cybersecurity AI: vendors
CT-01082,AI-007,2026-01,vendors,Services,programme,V-SVC-D,CC-TEC-AI,16753.85,Cybersecurity AI: vendors
CT-01083,AI-007,2026-02,vendors,Services,programme,V-SVC-D,CC-TEC-AI,16843.69,Cybersecurity AI: vendors
CT-01084,AI-007,2026-03,vendors,Services,programme,V-SVC-D,CC-TEC-AI,16559.99,Cybersecurity AI: vendors
CT-01085,AI-007,2026-04,vendors,Services,programme,V-SVC-D,CC-TEC-AI,17578.67,Cybersecurity AI: vendors
CT-01086,AI-007,2026-05,vendors,Services,programme,V-SVC-D,CC-TEC-AI,16945.63,Cybersecurity AI: vendors
CT-01087,AI-007,2026-06,vendors,Services,programme,V-SVC-D,CC-TEC-AI,16513.03,Cybersecurity AI: vendors
CT-01088,AI-007,2026-07,vendors,Services,programme,V-SVC-D,CC-TEC-AI,16707.07,Cybersecurity AI: vendors
CT-01089,AI-007,2026-08,vendors,Services,programme,V-SVC-D,CC-TEC-AI,16411.06,Cybersecurity AI: vendors
CT-01090,AI-007,2025-09,consulting,Services,programme,V-SI-C,CC-TEC-AI,36105.75,Cybersecurity AI: consulting
CT-01091,AI-007,2025-10,consulting,Services,programme,V-SI-C,CC-TEC-AI,36428.95,Cybersecurity AI: consulting
CT-01092,AI-007,2025-11,consulting,Services,programme,V-SI-C,CC-TEC-AI,34586.16,Cybersecurity AI: consulting
CT-01093,AI-007,2025-12,consulting,Services,programme,V-SI-C,CC-TEC-AI,24299.52,Cybersecurity AI: consulting
CT-01094,AI-007,2026-01,consulting,Services,programme,V-SI-C,CC-TEC-AI,24459.58,Cybersecurity AI: consulting
CT-01095,AI-007,2026-02,consulting,Services,programme,V-SI-C,CC-TEC-AI,24000.77,Cybersecurity AI: consulting
CT-01096,AI-007,2026-03,consulting,Services,programme,V-SI-C,CC-TEC-AI,21217.33,Cybersecurity AI: consulting
CT-01097,AI-007,2026-04,consulting,Services,programme,V-SI-C,CC-TEC-AI,23753.49,Cybersecurity AI: consulting
CT-01098,AI-007,2026-05,consulting,Services,programme,V-SI-C,CC-TEC-AI,24425.19,Cybersecurity AI: consulting
CT-01099,AI-007,2026-06,consulting,Services,programme,V-SI-C,CC-TEC-AI,22813.83,Cybersecurity AI: consulting
CT-01100,AI-007,2026-07,consulting,Services,programme,V-SI-C,CC-TEC-AI,23183.39,Cybersecurity AI: consulting
CT-01101,AI-007,2026-08,consulting,Services,programme,V-SI-C,CC-TEC-AI,23166.35,Cybersecurity AI: consulting
CT-01102,AI-007,2025-09,employees,People,programme,,CC-TEC-AI,41750.79,Cybersecurity AI: employees
CT-01103,AI-007,2025-09,employees,People,programme,,CC-TEC-AI,27833.86,Cybersecurity AI: employees
CT-01104,AI-007,2025-10,employees,People,programme,,CC-TEC-AI,41084.51,Cybersecurity AI: employees
CT-01105,AI-007,2025-10,employees,People,programme,,CC-TEC-AI,27389.67,Cybersecurity AI: employees
CT-01106,AI-007,2025-11,employees,People,programme,,CC-TEC-AI,43003.77,Cybersecurity AI: employees
CT-01107,AI-007,2025-11,employees,People,programme,,CC-TEC-AI,28669.18,Cybersecurity AI: employees
CT-01108,AI-007,2025-12,employees,People,programme,,CC-TEC-AI,45911.87,Cybersecurity AI: employees
CT-01109,AI-007,2026-01,employees,People,programme,,CC-TEC-AI,46236.89,Cybersecurity AI: employees
CT-01110,AI-007,2026-02,employees,People,programme,,CC-TEC-AI,47614.04,Cybersecurity AI: employees
CT-01111,AI-007,2026-03,employees,People,programme,,CC-TEC-AI,47827.21,Cybersecurity AI: employees
CT-01112,AI-007,2026-04,employees,People,programme,,CC-TEC-AI,50627.69,Cybersecurity AI: employees
CT-01113,AI-007,2026-05,employees,People,programme,,CC-TEC-AI,48145.83,Cybersecurity AI: employees
CT-01114,AI-007,2026-06,employees,People,programme,,CC-TEC-AI,47994.56,Cybersecurity AI: employees
CT-01115,AI-007,2026-07,employees,People,programme,,CC-TEC-AI,47436.69,Cybersecurity AI: employees
CT-01116,AI-007,2026-08,employees,People,programme,,CC-TEC-AI,47178.36,Cybersecurity AI: employees
CT-01117,AI-007,2025-09,training,People,programme,V-TRN-F,CC-TEC-AI,10639.99,Cybersecurity AI: training
CT-01118,AI-007,2025-10,training,People,programme,V-TRN-F,CC-TEC-AI,11064.54,Cybersecurity AI: training
CT-01119,AI-007,2025-11,training,People,programme,V-TRN-F,CC-TEC-AI,10575.3,Cybersecurity AI: training
CT-01120,AI-007,2025-12,training,People,programme,V-TRN-F,CC-TEC-AI,7400.46,Cybersecurity AI: training
CT-01121,AI-007,2026-01,training,People,programme,V-TRN-F,CC-TEC-AI,7246.13,Cybersecurity AI: training
CT-01122,AI-007,2026-02,training,People,programme,V-TRN-F,CC-TEC-AI,7062.89,Cybersecurity AI: training
CT-01123,AI-007,2026-03,training,People,programme,V-TRN-F,CC-TEC-AI,6668.22,Cybersecurity AI: training
CT-01124,AI-007,2026-04,training,People,programme,V-TRN-F,CC-TEC-AI,6704.46,Cybersecurity AI: training
CT-01125,AI-007,2026-05,training,People,programme,V-TRN-F,CC-TEC-AI,7354.08,Cybersecurity AI: training
CT-01126,AI-007,2026-06,training,People,programme,V-TRN-F,CC-TEC-AI,6894.09,Cybersecurity AI: training
CT-01127,AI-007,2026-07,training,People,programme,V-TRN-F,CC-TEC-AI,7882.31,Cybersecurity AI: training
CT-01128,AI-007,2026-08,training,People,programme,V-TRN-F,CC-TEC-AI,6938.36,Cybersecurity AI: training
CT-01129,AI-007,2025-09,data,Other,programme,V-DATA-E,CC-TEC-AI,18186.49,Cybersecurity AI: data
CT-01130,AI-007,2025-10,data,Other,programme,V-DATA-E,CC-TEC-AI,18767.34,Cybersecurity AI: data
CT-01131,AI-007,2025-11,data,Other,programme,V-DATA-E,CC-TEC-AI,17615.74,Cybersecurity AI: data
CT-01132,AI-007,2025-12,data,Other,programme,V-DATA-E,CC-TEC-AI,11449.63,Cybersecurity AI: data
CT-01133,AI-007,2026-01,data,Other,programme,V-DATA-E,CC-TEC-AI,11486.15,Cybersecurity AI: data
CT-01134,AI-007,2026-02,data,Other,programme,V-DATA-E,CC-TEC-AI,11428.53,Cybersecurity AI: data
CT-01135,AI-007,2026-03,data,Other,programme,V-DATA-E,CC-TEC-AI,11035.25,Cybersecurity AI: data
CT-01136,AI-007,2026-04,data,Other,programme,V-DATA-E,CC-TEC-AI,12806.31,Cybersecurity AI: data
CT-01137,AI-007,2026-05,data,Other,programme,V-DATA-E,CC-TEC-AI,12095.02,Cybersecurity AI: data
CT-01138,AI-007,2026-06,data,Other,programme,V-DATA-E,CC-TEC-AI,12375.75,Cybersecurity AI: data
CT-01139,AI-007,2026-07,data,Other,programme,V-DATA-E,CC-TEC-AI,12245.43,Cybersecurity AI: data
CT-01140,AI-007,2026-08,data,Other,programme,V-DATA-E,CC-TEC-AI,11516.44,Cybersecurity AI: data
CT-01141,AI-007,2025-12,employees,Incremental operating cost,incremental_opex,,CC-TEC-OPS,25555.56,"Cybersecurity AI: business run cost (review, change management, support)"
CT-01142,AI-007,2026-01,employees,Incremental operating cost,incremental_opex,,CC-TEC-OPS,25555.56,"Cybersecurity AI: business run cost (review, change management, support)"
CT-01143,AI-007,2026-02,employees,Incremental operating cost,incremental_opex,,CC-TEC-OPS,25555.56,"Cybersecurity AI: business run cost (review, change management, support)"
CT-01144,AI-007,2026-03,employees,Incremental operating cost,incremental_opex,,CC-TEC-OPS,25555.56,"Cybersecurity AI: business run cost (review, change management, support)"
CT-01145,AI-007,2026-04,employees,Incremental operating cost,incremental_opex,,CC-TEC-OPS,25555.56,"Cybersecurity AI: business run cost (review, change management, support)"
CT-01146,AI-007,2026-05,employees,Incremental operating cost,incremental_opex,,CC-TEC-OPS,25555.56,"Cybersecurity AI: business run cost (review, change management, support)"
CT-01147,AI-007,2026-06,employees,Incremental operating cost,incremental_opex,,CC-TEC-OPS,25555.56,"Cybersecurity AI: business run cost (review, change management, support)"
CT-01148,AI-007,2026-07,employees,Incremental operating cost,incremental_opex,,CC-TEC-OPS,25555.56,"Cybersecurity AI: business run cost (review, change management, support)"
CT-01149,AI-007,2026-08,employees,Incremental operating cost,incremental_opex,,CC-TEC-OPS,25555.56,"Cybersecurity AI: business run cost (review, change management, support)"
CT-01150,AI-008,2025-09,gpu,Infrastructure,programme,V-HPE-INF,CC-TEC-AI,30974.77,AI Infrastructure Optimisation: gpu
CT-01151,AI-008,2025-10,gpu,Infrastructure,programme,V-HPE-INF,CC-TEC-AI,29886.65,AI Infrastructure Optimisation: gpu
CT-01152,AI-008,2025-11,gpu,Infrastructure,programme,V-HPE-INF,CC-TEC-AI,21117.08,AI Infrastructure Optimisation: gpu
CT-01153,AI-008,2025-12,gpu,Infrastructure,programme,V-HPE-INF,CC-TEC-AI,21593.11,AI Infrastructure Optimisation: gpu
CT-01154,AI-008,2026-01,gpu,Infrastructure,programme,V-HPE-INF,CC-TEC-AI,20636.24,AI Infrastructure Optimisation: gpu
CT-01155,AI-008,2026-02,gpu,Infrastructure,programme,V-HPE-INF,CC-TEC-AI,20316.35,AI Infrastructure Optimisation: gpu
CT-01156,AI-008,2026-03,gpu,Infrastructure,programme,V-HPE-INF,CC-TEC-AI,20693.63,AI Infrastructure Optimisation: gpu
CT-01157,AI-008,2026-04,gpu,Infrastructure,programme,V-HPE-INF,CC-TEC-AI,22414.45,AI Infrastructure Optimisation: gpu
CT-01158,AI-008,2026-05,gpu,Infrastructure,programme,V-HPE-INF,CC-TEC-AI,21369.62,AI Infrastructure Optimisation: gpu
CT-01159,AI-008,2026-06,gpu,Infrastructure,programme,V-HPE-INF,CC-TEC-AI,24162.26,AI Infrastructure Optimisation: gpu
CT-01160,AI-008,2026-07,gpu,Infrastructure,programme,V-HPE-INF,CC-TEC-AI,20737.91,AI Infrastructure Optimisation: gpu
CT-01161,AI-008,2026-08,gpu,Infrastructure,programme,V-HPE-INF,CC-TEC-AI,20320.75,AI Infrastructure Optimisation: gpu
CT-01162,AI-008,2025-09,compute,Infrastructure,programme,V-HPE-INF,CC-TEC-AI,26272.22,AI Infrastructure Optimisation: compute
CT-01163,AI-008,2025-10,compute,Infrastructure,programme,V-HPE-INF,CC-TEC-AI,26737.88,AI Infrastructure Optimisation: compute
CT-01164,AI-008,2025-11,compute,Infrastructure,programme,V-HPE-INF,CC-TEC-AI,17362.07,AI Infrastructure Optimisation: compute
CT-01165,AI-008,2025-12,compute,Infrastructure,programme,V-HPE-INF,CC-TEC-AI,17826.59,AI Infrastructure Optimisation: compute
CT-01166,AI-008,2026-01,compute,Infrastructure,programme,V-HPE-INF,CC-TEC-AI,17531.1,AI Infrastructure Optimisation: compute
CT-01167,AI-008,2026-02,compute,Infrastructure,programme,V-HPE-INF,CC-TEC-AI,16572.42,AI Infrastructure Optimisation: compute
CT-01168,AI-008,2026-03,compute,Infrastructure,programme,V-HPE-INF,CC-TEC-AI,17827.31,AI Infrastructure Optimisation: compute
CT-01169,AI-008,2026-04,compute,Infrastructure,programme,V-HPE-INF,CC-TEC-AI,18701.95,AI Infrastructure Optimisation: compute
CT-01170,AI-008,2026-05,compute,Infrastructure,programme,V-HPE-INF,CC-TEC-AI,19324.57,AI Infrastructure Optimisation: compute
CT-01171,AI-008,2026-06,compute,Infrastructure,programme,V-HPE-INF,CC-TEC-AI,17082.82,AI Infrastructure Optimisation: compute
CT-01172,AI-008,2026-07,compute,Infrastructure,programme,V-HPE-INF,CC-TEC-AI,17204.98,AI Infrastructure Optimisation: compute
CT-01173,AI-008,2026-08,compute,Infrastructure,programme,V-HPE-INF,CC-TEC-AI,18812.58,AI Infrastructure Optimisation: compute
CT-01174,AI-008,2025-09,storage,Infrastructure,programme,V-HPE-INF,CC-TEC-AI,20848.31,AI Infrastructure Optimisation: storage
CT-01175,AI-008,2025-10,storage,Infrastructure,programme,V-HPE-INF,CC-TEC-AI,21031.06,AI Infrastructure Optimisation: storage
CT-01176,AI-008,2025-11,storage,Infrastructure,programme,V-HPE-INF,CC-TEC-AI,14259.54,AI Infrastructure Optimisation: storage
CT-01177,AI-008,2025-12,storage,Infrastructure,programme,V-HPE-INF,CC-TEC-AI,12762.83,AI Infrastructure Optimisation: storage
CT-01178,AI-008,2026-01,storage,Infrastructure,programme,V-HPE-INF,CC-TEC-AI,14072.7,AI Infrastructure Optimisation: storage
CT-01179,AI-008,2026-02,storage,Infrastructure,programme,V-HPE-INF,CC-TEC-AI,15566.55,AI Infrastructure Optimisation: storage
CT-01180,AI-008,2026-03,storage,Infrastructure,programme,V-HPE-INF,CC-TEC-AI,14346.45,AI Infrastructure Optimisation: storage
CT-01181,AI-008,2026-04,storage,Infrastructure,programme,V-HPE-INF,CC-TEC-AI,13979.23,AI Infrastructure Optimisation: storage
CT-01182,AI-008,2026-05,storage,Infrastructure,programme,V-HPE-INF,CC-TEC-AI,14952.41,AI Infrastructure Optimisation: storage
CT-01183,AI-008,2026-06,storage,Infrastructure,programme,V-HPE-INF,CC-TEC-AI,15146.46,AI Infrastructure Optimisation: storage
CT-01184,AI-008,2026-07,storage,Infrastructure,programme,V-HPE-INF,CC-TEC-AI,14966.11,AI Infrastructure Optimisation: storage
CT-01185,AI-008,2026-08,storage,Infrastructure,programme,V-HPE-INF,CC-TEC-AI,13680.94,AI Infrastructure Optimisation: storage
CT-01186,AI-008,2025-09,networking,Infrastructure,programme,V-HPE-NET,CC-TEC-AI,10295.62,AI Infrastructure Optimisation: networking
CT-01187,AI-008,2025-10,networking,Infrastructure,programme,V-HPE-NET,CC-TEC-AI,9962.62,AI Infrastructure Optimisation: networking
CT-01188,AI-008,2025-11,networking,Infrastructure,programme,V-HPE-NET,CC-TEC-AI,6995.09,AI Infrastructure Optimisation: networking
CT-01189,AI-008,2025-12,networking,Infrastructure,programme,V-HPE-NET,CC-TEC-AI,7801.52,AI Infrastructure Optimisation: networking
CT-01190,AI-008,2026-01,networking,Infrastructure,programme,V-HPE-NET,CC-TEC-AI,6761.38,AI Infrastructure Optimisation: networking
CT-01191,AI-008,2026-02,networking,Infrastructure,programme,V-HPE-NET,CC-TEC-AI,7052.17,AI Infrastructure Optimisation: networking
CT-01192,AI-008,2026-03,networking,Infrastructure,programme,V-HPE-NET,CC-TEC-AI,7211.94,AI Infrastructure Optimisation: networking
CT-01193,AI-008,2026-04,networking,Infrastructure,programme,V-HPE-NET,CC-TEC-AI,7223.63,AI Infrastructure Optimisation: networking
CT-01194,AI-008,2026-05,networking,Infrastructure,programme,V-HPE-NET,CC-TEC-AI,7262.02,AI Infrastructure Optimisation: networking
CT-01195,AI-008,2026-06,networking,Infrastructure,programme,V-HPE-NET,CC-TEC-AI,7781.96,AI Infrastructure Optimisation: networking
CT-01196,AI-008,2026-07,networking,Infrastructure,programme,V-HPE-NET,CC-TEC-AI,7346.03,AI Infrastructure Optimisation: networking
CT-01197,AI-008,2026-08,networking,Infrastructure,programme,V-HPE-NET,CC-TEC-AI,6949.27,AI Infrastructure Optimisation: networking
CT-01198,AI-008,2025-09,software,Software,programme,V-SW-A,CC-TEC-AI,39527.13,AI Infrastructure Optimisation: software
CT-01199,AI-008,2025-10,software,Software,programme,V-SW-A,CC-TEC-AI,41524.91,AI Infrastructure Optimisation: software
CT-01200,AI-008,2025-11,software,Software,programme,V-SW-A,CC-TEC-AI,28679.82,AI Infrastructure Optimisation: software
CT-01201,AI-008,2025-12,software,Software,programme,V-SW-A,CC-TEC-AI,28364.89,AI Infrastructure Optimisation: software
CT-01202,AI-008,2026-01,software,Software,programme,V-SW-A,CC-TEC-AI,27638.61,AI Infrastructure Optimisation: software
CT-01203,AI-008,2026-02,software,Software,programme,V-SW-A,CC-TEC-AI,27148.78,AI Infrastructure Optimisation: software
CT-01204,AI-008,2026-03,software,Software,programme,V-SW-A,CC-TEC-AI,27448.06,AI Infrastructure Optimisation: software
CT-01205,AI-008,2026-04,software,Software,programme,V-SW-A,CC-TEC-AI,29421.82,AI Infrastructure Optimisation: software
CT-01206,AI-008,2026-05,software,Software,programme,V-SW-A,CC-TEC-AI,27772.05,AI Infrastructure Optimisation: software
CT-01207,AI-008,2026-06,software,Software,programme,V-SW-A,CC-TEC-AI,28464.91,AI Infrastructure Optimisation: software
CT-01208,AI-008,2026-07,software,Software,programme,V-SW-A,CC-TEC-AI,28934.74,AI Infrastructure Optimisation: software
CT-01209,AI-008,2026-08,software,Software,programme,V-SW-A,CC-TEC-AI,27198.84,AI Infrastructure Optimisation: software
CT-01210,AI-008,2025-09,saas,Software,programme,V-SAAS-B,CC-TEC-AI,31571.92,AI Infrastructure Optimisation: saas
CT-01211,AI-008,2025-10,saas,Software,programme,V-SAAS-B,CC-TEC-AI,30351.52,AI Infrastructure Optimisation: saas
CT-01212,AI-008,2025-11,saas,Software,programme,V-SAAS-B,CC-TEC-AI,21128.97,AI Infrastructure Optimisation: saas
CT-01213,AI-008,2025-12,saas,Software,programme,V-SAAS-B,CC-TEC-AI,22388.06,AI Infrastructure Optimisation: saas
CT-01214,AI-008,2026-01,saas,Software,programme,V-SAAS-B,CC-TEC-AI,22695.55,AI Infrastructure Optimisation: saas
CT-01215,AI-008,2026-02,saas,Software,programme,V-SAAS-B,CC-TEC-AI,22564.81,AI Infrastructure Optimisation: saas
CT-01216,AI-008,2026-03,saas,Software,programme,V-SAAS-B,CC-TEC-AI,22173.19,AI Infrastructure Optimisation: saas
CT-01217,AI-008,2026-04,saas,Software,programme,V-SAAS-B,CC-TEC-AI,20204.04,AI Infrastructure Optimisation: saas
CT-01218,AI-008,2026-05,saas,Software,programme,V-SAAS-B,CC-TEC-AI,20777.93,AI Infrastructure Optimisation: saas
CT-01219,AI-008,2026-06,saas,Software,programme,V-SAAS-B,CC-TEC-AI,21351.41,AI Infrastructure Optimisation: saas
CT-01220,AI-008,2026-07,saas,Software,programme,V-SAAS-B,CC-TEC-AI,20213.58,AI Infrastructure Optimisation: saas
CT-01221,AI-008,2026-08,saas,Software,programme,V-SAAS-B,CC-TEC-AI,21373.19,AI Infrastructure Optimisation: saas
CT-01222,AI-008,2025-09,cloud,Cloud,programme,V-HPE-GL,CC-TEC-AI,70157.57,AI Infrastructure Optimisation: cloud
CT-01223,AI-008,2025-09,cloud,Cloud,programme,V-HPE-GL,CC-TEC-AI,46771.71,AI Infrastructure Optimisation: cloud
CT-01224,AI-008,2025-10,cloud,Cloud,programme,V-HPE-GL,CC-TEC-AI,80911.05,AI Infrastructure Optimisation: cloud
CT-01225,AI-008,2025-10,cloud,Cloud,programme,V-HPE-GL,CC-TEC-AI,53940.7,AI Infrastructure Optimisation: cloud
CT-01226,AI-008,2025-11,cloud,Cloud,programme,V-HPE-GL,CC-TEC-AI,48931.92,AI Infrastructure Optimisation: cloud
CT-01227,AI-008,2025-11,cloud,Cloud,programme,V-HPE-GL,CC-TEC-AI,32621.28,AI Infrastructure Optimisation: cloud
CT-01228,AI-008,2025-12,cloud,Cloud,programme,V-HPE-GL,CC-TEC-AI,50192.0,AI Infrastructure Optimisation: cloud
CT-01229,AI-008,2025-12,cloud,Cloud,programme,V-HPE-GL,CC-TEC-AI,33461.33,AI Infrastructure Optimisation: cloud
CT-01230,AI-008,2026-01,cloud,Cloud,programme,V-HPE-GL,CC-TEC-AI,51055.82,AI Infrastructure Optimisation: cloud
CT-01231,AI-008,2026-01,cloud,Cloud,programme,V-HPE-GL,CC-TEC-AI,34037.21,AI Infrastructure Optimisation: cloud
CT-01232,AI-008,2026-02,cloud,Cloud,programme,V-HPE-GL,CC-TEC-AI,50173.6,AI Infrastructure Optimisation: cloud
CT-01233,AI-008,2026-02,cloud,Cloud,programme,V-HPE-GL,CC-TEC-AI,33449.07,AI Infrastructure Optimisation: cloud
CT-01234,AI-008,2026-03,cloud,Cloud,programme,V-HPE-GL,CC-TEC-AI,54655.35,AI Infrastructure Optimisation: cloud
CT-01235,AI-008,2026-03,cloud,Cloud,programme,V-HPE-GL,CC-TEC-AI,36436.9,AI Infrastructure Optimisation: cloud
CT-01236,AI-008,2026-04,cloud,Cloud,programme,V-HPE-GL,CC-TEC-AI,52891.16,AI Infrastructure Optimisation: cloud
CT-01237,AI-008,2026-04,cloud,Cloud,programme,V-HPE-GL,CC-TEC-AI,35260.77,AI Infrastructure Optimisation: cloud
CT-01238,AI-008,2026-05,cloud,Cloud,programme,V-HPE-GL,CC-TEC-AI,50670.66,AI Infrastructure Optimisation: cloud
CT-01239,AI-008,2026-05,cloud,Cloud,programme,V-HPE-GL,CC-TEC-AI,33780.44,AI Infrastructure Optimisation: cloud
CT-01240,AI-008,2026-06,cloud,Cloud,programme,V-HPE-GL,CC-TEC-AI,54202.47,AI Infrastructure Optimisation: cloud
CT-01241,AI-008,2026-06,cloud,Cloud,programme,V-HPE-GL,CC-TEC-AI,36134.98,AI Infrastructure Optimisation: cloud
CT-01242,AI-008,2026-07,cloud,Cloud,programme,V-HPE-GL,CC-TEC-AI,49582.41,AI Infrastructure Optimisation: cloud
CT-01243,AI-008,2026-07,cloud,Cloud,programme,V-HPE-GL,CC-TEC-AI,33054.94,AI Infrastructure Optimisation: cloud
CT-01244,AI-008,2026-08,cloud,Cloud,programme,V-HPE-GL,CC-TEC-AI,50482.99,AI Infrastructure Optimisation: cloud
CT-01245,AI-008,2026-08,cloud,Cloud,programme,V-HPE-GL,CC-TEC-AI,33655.33,AI Infrastructure Optimisation: cloud
CT-01246,AI-008,2025-09,vendors,Services,programme,V-SVC-D,CC-TEC-AI,25644.36,AI Infrastructure Optimisation: vendors
CT-01247,AI-008,2025-10,vendors,Services,programme,V-SVC-D,CC-TEC-AI,25534.22,AI Infrastructure Optimisation: vendors
CT-01248,AI-008,2025-11,vendors,Services,programme,V-SVC-D,CC-TEC-AI,17185.73,AI Infrastructure Optimisation: vendors
CT-01249,AI-008,2025-12,vendors,Services,programme,V-SVC-D,CC-TEC-AI,16173.64,AI Infrastructure Optimisation: vendors
CT-01250,AI-008,2026-01,vendors,Services,programme,V-SVC-D,CC-TEC-AI,17687.59,AI Infrastructure Optimisation: vendors
CT-01251,AI-008,2026-02,vendors,Services,programme,V-SVC-D,CC-TEC-AI,18218.88,AI Infrastructure Optimisation: vendors
CT-01252,AI-008,2026-03,vendors,Services,programme,V-SVC-D,CC-TEC-AI,17385.56,AI Infrastructure Optimisation: vendors
CT-01253,AI-008,2026-04,vendors,Services,programme,V-SVC-D,CC-TEC-AI,18090.14,AI Infrastructure Optimisation: vendors
CT-01254,AI-008,2026-05,vendors,Services,programme,V-SVC-D,CC-TEC-AI,18036.04,AI Infrastructure Optimisation: vendors
CT-01255,AI-008,2026-06,vendors,Services,programme,V-SVC-D,CC-TEC-AI,19006.02,AI Infrastructure Optimisation: vendors
CT-01256,AI-008,2026-07,vendors,Services,programme,V-SVC-D,CC-TEC-AI,17431.17,AI Infrastructure Optimisation: vendors
CT-01257,AI-008,2026-08,vendors,Services,programme,V-SVC-D,CC-TEC-AI,16346.43,AI Infrastructure Optimisation: vendors
CT-01258,AI-008,2025-09,consulting,Services,programme,V-SI-C,CC-TEC-AI,45760.36,AI Infrastructure Optimisation: consulting
CT-01259,AI-008,2025-10,consulting,Services,programme,V-SI-C,CC-TEC-AI,44229.17,AI Infrastructure Optimisation: consulting
CT-01260,AI-008,2025-11,consulting,Services,programme,V-SI-C,CC-TEC-AI,33018.73,AI Infrastructure Optimisation: consulting
CT-01261,AI-008,2025-12,consulting,Services,programme,V-SI-C,CC-TEC-AI,34195.88,AI Infrastructure Optimisation: consulting
CT-01262,AI-008,2026-01,consulting,Services,programme,V-SI-C,CC-TEC-AI,32772.68,AI Infrastructure Optimisation: consulting
CT-01263,AI-008,2026-02,consulting,Services,programme,V-SI-C,CC-TEC-AI,31674.5,AI Infrastructure Optimisation: consulting
CT-01264,AI-008,2026-03,consulting,Services,programme,V-SI-C,CC-TEC-AI,32021.25,AI Infrastructure Optimisation: consulting
CT-01265,AI-008,2026-04,consulting,Services,programme,V-SI-C,CC-TEC-AI,32357.3,AI Infrastructure Optimisation: consulting
CT-01266,AI-008,2026-05,consulting,Services,programme,V-SI-C,CC-TEC-AI,30974.47,AI Infrastructure Optimisation: consulting
CT-01267,AI-008,2026-06,consulting,Services,programme,V-SI-C,CC-TEC-AI,29337.89,AI Infrastructure Optimisation: consulting
CT-01268,AI-008,2026-07,consulting,Services,programme,V-SI-C,CC-TEC-AI,30970.01,AI Infrastructure Optimisation: consulting
CT-01269,AI-008,2026-08,consulting,Services,programme,V-SI-C,CC-TEC-AI,31248.49,AI Infrastructure Optimisation: consulting
CT-01270,AI-008,2025-09,employees,People,programme,,CC-TEC-AI,75003.66,AI Infrastructure Optimisation: employees
CT-01271,AI-008,2025-09,employees,People,programme,,CC-TEC-AI,50002.44,AI Infrastructure Optimisation: employees
CT-01272,AI-008,2025-10,employees,People,programme,,CC-TEC-AI,78320.05,AI Infrastructure Optimisation: employees
CT-01273,AI-008,2025-10,employees,People,programme,,CC-TEC-AI,52213.37,AI Infrastructure Optimisation: employees
CT-01274,AI-008,2025-11,employees,People,programme,,CC-TEC-AI,50397.05,AI Infrastructure Optimisation: employees
CT-01275,AI-008,2025-11,employees,People,programme,,CC-TEC-AI,33598.03,AI Infrastructure Optimisation: employees
CT-01276,AI-008,2025-12,employees,People,programme,,CC-TEC-AI,52393.67,AI Infrastructure Optimisation: employees
CT-01277,AI-008,2025-12,employees,People,programme,,CC-TEC-AI,34929.11,AI Infrastructure Optimisation: employees
CT-01278,AI-008,2026-01,employees,People,programme,,CC-TEC-AI,50320.28,AI Infrastructure Optimisation: employees
CT-01279,AI-008,2026-01,employees,People,programme,,CC-TEC-AI,33546.85,AI Infrastructure Optimisation: employees
CT-01280,AI-008,2026-02,employees,People,programme,,CC-TEC-AI,48186.93,AI Infrastructure Optimisation: employees
CT-01281,AI-008,2026-02,employees,People,programme,,CC-TEC-AI,32124.62,AI Infrastructure Optimisation: employees
CT-01282,AI-008,2026-03,employees,People,programme,,CC-TEC-AI,50321.81,AI Infrastructure Optimisation: employees
CT-01283,AI-008,2026-03,employees,People,programme,,CC-TEC-AI,33547.88,AI Infrastructure Optimisation: employees
CT-01284,AI-008,2026-04,employees,People,programme,,CC-TEC-AI,46392.35,AI Infrastructure Optimisation: employees
CT-01285,AI-008,2026-04,employees,People,programme,,CC-TEC-AI,30928.24,AI Infrastructure Optimisation: employees
CT-01286,AI-008,2026-05,employees,People,programme,,CC-TEC-AI,47464.35,AI Infrastructure Optimisation: employees
CT-01287,AI-008,2026-05,employees,People,programme,,CC-TEC-AI,31642.9,AI Infrastructure Optimisation: employees
CT-01288,AI-008,2026-06,employees,People,programme,,CC-TEC-AI,51274.69,AI Infrastructure Optimisation: employees
CT-01289,AI-008,2026-06,employees,People,programme,,CC-TEC-AI,34183.13,AI Infrastructure Optimisation: employees
CT-01290,AI-008,2026-07,employees,People,programme,,CC-TEC-AI,48016.12,AI Infrastructure Optimisation: employees
CT-01291,AI-008,2026-07,employees,People,programme,,CC-TEC-AI,32010.75,AI Infrastructure Optimisation: employees
CT-01292,AI-008,2026-08,employees,People,programme,,CC-TEC-AI,44134.12,AI Infrastructure Optimisation: employees
CT-01293,AI-008,2026-08,employees,People,programme,,CC-TEC-AI,29422.75,AI Infrastructure Optimisation: employees
CT-01294,AI-008,2025-09,training,People,programme,V-TRN-F,CC-TEC-AI,14800.88,AI Infrastructure Optimisation: training
CT-01295,AI-008,2025-10,training,People,programme,V-TRN-F,CC-TEC-AI,15502.94,AI Infrastructure Optimisation: training
CT-01296,AI-008,2025-11,training,People,programme,V-TRN-F,CC-TEC-AI,10498.22,AI Infrastructure Optimisation: training
CT-01297,AI-008,2025-12,training,People,programme,V-TRN-F,CC-TEC-AI,10905.52,AI Infrastructure Optimisation: training
CT-01298,AI-008,2026-01,training,People,programme,V-TRN-F,CC-TEC-AI,10466.46,AI Infrastructure Optimisation: training
CT-01299,AI-008,2026-02,training,People,programme,V-TRN-F,CC-TEC-AI,10755.8,AI Infrastructure Optimisation: training
CT-01300,AI-008,2026-03,training,People,programme,V-TRN-F,CC-TEC-AI,11110.25,AI Infrastructure Optimisation: training
CT-01301,AI-008,2026-04,training,People,programme,V-TRN-F,CC-TEC-AI,10085.55,AI Infrastructure Optimisation: training
CT-01302,AI-008,2026-05,training,People,programme,V-TRN-F,CC-TEC-AI,10517.05,AI Infrastructure Optimisation: training
CT-01303,AI-008,2026-06,training,People,programme,V-TRN-F,CC-TEC-AI,10566.61,AI Infrastructure Optimisation: training
CT-01304,AI-008,2026-07,training,People,programme,V-TRN-F,CC-TEC-AI,11027.13,AI Infrastructure Optimisation: training
CT-01305,AI-008,2026-08,training,People,programme,V-TRN-F,CC-TEC-AI,10645.88,AI Infrastructure Optimisation: training
CT-01306,AI-008,2025-09,data,Other,programme,V-DATA-E,CC-TEC-AI,26534.6,AI Infrastructure Optimisation: data
CT-01307,AI-008,2025-10,data,Other,programme,V-DATA-E,CC-TEC-AI,25138.82,AI Infrastructure Optimisation: data
CT-01308,AI-008,2025-11,data,Other,programme,V-DATA-E,CC-TEC-AI,17629.9,AI Infrastructure Optimisation: data
CT-01309,AI-008,2025-12,data,Other,programme,V-DATA-E,CC-TEC-AI,17212.87,AI Infrastructure Optimisation: data
CT-01310,AI-008,2026-01,data,Other,programme,V-DATA-E,CC-TEC-AI,17675.2,AI Infrastructure Optimisation: data
CT-01311,AI-008,2026-02,data,Other,programme,V-DATA-E,CC-TEC-AI,18268.86,AI Infrastructure Optimisation: data
CT-01312,AI-008,2026-03,data,Other,programme,V-DATA-E,CC-TEC-AI,17374.02,AI Infrastructure Optimisation: data
CT-01313,AI-008,2026-04,data,Other,programme,V-DATA-E,CC-TEC-AI,17455.61,AI Infrastructure Optimisation: data
CT-01314,AI-008,2026-05,data,Other,programme,V-DATA-E,CC-TEC-AI,17975.77,AI Infrastructure Optimisation: data
CT-01315,AI-008,2026-06,data,Other,programme,V-DATA-E,CC-TEC-AI,16821.3,AI Infrastructure Optimisation: data
CT-01316,AI-008,2026-07,data,Other,programme,V-DATA-E,CC-TEC-AI,17490.27,AI Infrastructure Optimisation: data
CT-01317,AI-008,2026-08,data,Other,programme,V-DATA-E,CC-TEC-AI,18699.26,AI Infrastructure Optimisation: data
CT-01318,AI-008,2025-11,employees,Incremental operating cost,incremental_opex,,CC-TEC-OPS,20000.0,"AI Infrastructure Optimisation: business run cost (review, change management, support)"
CT-01319,AI-008,2025-12,employees,Incremental operating cost,incremental_opex,,CC-TEC-OPS,20000.0,"AI Infrastructure Optimisation: business run cost (review, change management, support)"
CT-01320,AI-008,2026-01,employees,Incremental operating cost,incremental_opex,,CC-TEC-OPS,20000.0,"AI Infrastructure Optimisation: business run cost (review, change management, support)"
CT-01321,AI-008,2026-02,employees,Incremental operating cost,incremental_opex,,CC-TEC-OPS,20000.0,"AI Infrastructure Optimisation: business run cost (review, change management, support)"
CT-01322,AI-008,2026-03,employees,Incremental operating cost,incremental_opex,,CC-TEC-OPS,20000.0,"AI Infrastructure Optimisation: business run cost (review, change management, support)"
CT-01323,AI-008,2026-04,employees,Incremental operating cost,incremental_opex,,CC-TEC-OPS,20000.0,"AI Infrastructure Optimisation: business run cost (review, change management, support)"
CT-01324,AI-008,2026-05,employees,Incremental operating cost,incremental_opex,,CC-TEC-OPS,20000.0,"AI Infrastructure Optimisation: business run cost (review, change management, support)"
CT-01325,AI-008,2026-06,employees,Incremental operating cost,incremental_opex,,CC-TEC-OPS,20000.0,"AI Infrastructure Optimisation: business run cost (review, change management, support)"
CT-01326,AI-008,2026-07,employees,Incremental operating cost,incremental_opex,,CC-TEC-OPS,20000.0,"AI Infrastructure Optimisation: business run cost (review, change management, support)"
CT-01327,AI-008,2026-08,employees,Incremental operating cost,incremental_opex,,CC-TEC-OPS,20000.0,"AI Infrastructure Optimisation: business run cost (review, change management, support)"
CT-01328,AI-009,2025-09,gpu,Infrastructure,programme,V-HPE-INF,CC-SCM-AI,26150.72,Predictive Maintenance: gpu
CT-01329,AI-009,2025-10,gpu,Infrastructure,programme,V-HPE-INF,CC-SCM-AI,25353.66,Predictive Maintenance: gpu
CT-01330,AI-009,2025-11,gpu,Infrastructure,programme,V-HPE-INF,CC-SCM-AI,26922.54,Predictive Maintenance: gpu
CT-01331,AI-009,2025-12,gpu,Infrastructure,programme,V-HPE-INF,CC-SCM-AI,27389.31,Predictive Maintenance: gpu
CT-01332,AI-009,2026-01,gpu,Infrastructure,programme,V-HPE-INF,CC-SCM-AI,25805.43,Predictive Maintenance: gpu
CT-01333,AI-009,2026-02,gpu,Infrastructure,programme,V-HPE-INF,CC-SCM-AI,18055.9,Predictive Maintenance: gpu
CT-01334,AI-009,2026-03,gpu,Infrastructure,programme,V-HPE-INF,CC-SCM-AI,18211.84,Predictive Maintenance: gpu
CT-01335,AI-009,2026-04,gpu,Infrastructure,programme,V-HPE-INF,CC-SCM-AI,17001.52,Predictive Maintenance: gpu
CT-01336,AI-009,2026-05,gpu,Infrastructure,programme,V-HPE-INF,CC-SCM-AI,18631.69,Predictive Maintenance: gpu
CT-01337,AI-009,2026-06,gpu,Infrastructure,programme,V-HPE-INF,CC-SCM-AI,18573.64,Predictive Maintenance: gpu
CT-01338,AI-009,2026-07,gpu,Infrastructure,programme,V-HPE-INF,CC-SCM-AI,18595.21,Predictive Maintenance: gpu
CT-01339,AI-009,2026-08,gpu,Infrastructure,programme,V-HPE-INF,CC-SCM-AI,17789.35,Predictive Maintenance: gpu
CT-01340,AI-009,2025-09,compute,Infrastructure,programme,V-HPE-INF,CC-SCM-AI,23190.17,Predictive Maintenance: compute
CT-01341,AI-009,2025-10,compute,Infrastructure,programme,V-HPE-INF,CC-SCM-AI,23788.48,Predictive Maintenance: compute
CT-01342,AI-009,2025-11,compute,Infrastructure,programme,V-HPE-INF,CC-SCM-AI,24205.94,Predictive Maintenance: compute
CT-01343,AI-009,2025-12,compute,Infrastructure,programme,V-HPE-INF,CC-SCM-AI,23453.19,Predictive Maintenance: compute
CT-01344,AI-009,2026-01,compute,Infrastructure,programme,V-HPE-INF,CC-SCM-AI,25409.44,Predictive Maintenance: compute
CT-01345,AI-009,2026-02,compute,Infrastructure,programme,V-HPE-INF,CC-SCM-AI,17218.83,Predictive Maintenance: compute
CT-01346,AI-009,2026-03,compute,Infrastructure,programme,V-HPE-INF,CC-SCM-AI,14819.14,Predictive Maintenance: compute
CT-01347,AI-009,2026-04,compute,Infrastructure,programme,V-HPE-INF,CC-SCM-AI,15137.0,Predictive Maintenance: compute
CT-01348,AI-009,2026-05,compute,Infrastructure,programme,V-HPE-INF,CC-SCM-AI,15025.82,Predictive Maintenance: compute
CT-01349,AI-009,2026-06,compute,Infrastructure,programme,V-HPE-INF,CC-SCM-AI,15673.36,Predictive Maintenance: compute
CT-01350,AI-009,2026-07,compute,Infrastructure,programme,V-HPE-INF,CC-SCM-AI,15542.22,Predictive Maintenance: compute
CT-01351,AI-009,2026-08,compute,Infrastructure,programme,V-HPE-INF,CC-SCM-AI,16320.46,Predictive Maintenance: compute
CT-01352,AI-009,2025-09,storage,Infrastructure,programme,V-HPE-INF,CC-SCM-AI,19483.21,Predictive Maintenance: storage
CT-01353,AI-009,2025-10,storage,Infrastructure,programme,V-HPE-INF,CC-SCM-AI,21017.69,Predictive Maintenance: storage
CT-01354,AI-009,2025-11,storage,Infrastructure,programme,V-HPE-INF,CC-SCM-AI,19739.93,Predictive Maintenance: storage
CT-01355,AI-009,2025-12,storage,Infrastructure,programme,V-HPE-INF,CC-SCM-AI,19953.95,Predictive Maintenance: storage
CT-01356,AI-009,2026-01,storage,Infrastructure,programme,V-HPE-INF,CC-SCM-AI,20928.77,Predictive Maintenance: storage
CT-01357,AI-009,2026-02,storage,Infrastructure,programme,V-HPE-INF,CC-SCM-AI,14314.29,Predictive Maintenance: storage
CT-01358,AI-009,2026-03,storage,Infrastructure,programme,V-HPE-INF,CC-SCM-AI,13114.21,Predictive Maintenance: storage
CT-01359,AI-009,2026-04,storage,Infrastructure,programme,V-HPE-INF,CC-SCM-AI,14297.41,Predictive Maintenance: storage
CT-01360,AI-009,2026-05,storage,Infrastructure,programme,V-HPE-INF,CC-SCM-AI,14459.33,Predictive Maintenance: storage
CT-01361,AI-009,2026-06,storage,Infrastructure,programme,V-HPE-INF,CC-SCM-AI,12859.85,Predictive Maintenance: storage
CT-01362,AI-009,2026-07,storage,Infrastructure,programme,V-HPE-INF,CC-SCM-AI,13410.12,Predictive Maintenance: storage
CT-01363,AI-009,2026-08,storage,Infrastructure,programme,V-HPE-INF,CC-SCM-AI,14006.88,Predictive Maintenance: storage
CT-01364,AI-009,2025-09,networking,Infrastructure,programme,V-HPE-NET,CC-SCM-AI,47572.34,Predictive Maintenance: networking
CT-01365,AI-009,2025-10,networking,Infrastructure,programme,V-HPE-NET,CC-SCM-AI,48095.98,Predictive Maintenance: networking
CT-01366,AI-009,2025-11,networking,Infrastructure,programme,V-HPE-NET,CC-SCM-AI,47656.11,Predictive Maintenance: networking
CT-01367,AI-009,2025-12,networking,Infrastructure,programme,V-HPE-NET,CC-SCM-AI,49101.02,Predictive Maintenance: networking
CT-01368,AI-009,2026-01,networking,Infrastructure,programme,V-HPE-NET,CC-SCM-AI,50764.8,Predictive Maintenance: networking
CT-01369,AI-009,2026-02,networking,Infrastructure,programme,V-HPE-NET,CC-SCM-AI,33677.99,Predictive Maintenance: networking
CT-01370,AI-009,2026-03,networking,Infrastructure,programme,V-HPE-NET,CC-SCM-AI,31181.43,Predictive Maintenance: networking
CT-01371,AI-009,2026-04,networking,Infrastructure,programme,V-HPE-NET,CC-SCM-AI,31763.97,Predictive Maintenance: networking
CT-01372,AI-009,2026-05,networking,Infrastructure,programme,V-HPE-NET,CC-SCM-AI,32728.57,Predictive Maintenance: networking
CT-01373,AI-009,2026-06,networking,Infrastructure,programme,V-HPE-NET,CC-SCM-AI,31831.16,Predictive Maintenance: networking
CT-01374,AI-009,2026-07,networking,Infrastructure,programme,V-HPE-NET,CC-SCM-AI,33241.85,Predictive Maintenance: networking
CT-01375,AI-009,2026-08,networking,Infrastructure,programme,V-HPE-NET,CC-SCM-AI,33610.39,Predictive Maintenance: networking
CT-01376,AI-009,2025-09,software,Software,programme,V-SW-A,CC-SCM-AI,34066.83,Predictive Maintenance: software
CT-01377,AI-009,2025-10,software,Software,programme,V-SW-A,CC-SCM-AI,33935.43,Predictive Maintenance: software
CT-01378,AI-009,2025-11,software,Software,programme,V-SW-A,CC-SCM-AI,33300.46,Predictive Maintenance: software
CT-01379,AI-009,2025-12,software,Software,programme,V-SW-A,CC-SCM-AI,34197.12,Predictive Maintenance: software
CT-01380,AI-009,2026-01,software,Software,programme,V-SW-A,CC-SCM-AI,34337.04,Predictive Maintenance: software
CT-01381,AI-009,2026-02,software,Software,programme,V-SW-A,CC-SCM-AI,21411.66,Predictive Maintenance: software
CT-01382,AI-009,2026-03,software,Software,programme,V-SW-A,CC-SCM-AI,23020.68,Predictive Maintenance: software
CT-01383,AI-009,2026-04,software,Software,programme,V-SW-A,CC-SCM-AI,23013.15,Predictive Maintenance: software
CT-01384,AI-009,2026-05,software,Software,programme,V-SW-A,CC-SCM-AI,21896.95,Predictive Maintenance: software
CT-01385,AI-009,2026-06,software,Software,programme,V-SW-A,CC-SCM-AI,22616.63,Predictive Maintenance: software
CT-01386,AI-009,2026-07,software,Software,programme,V-SW-A,CC-SCM-AI,24194.54,Predictive Maintenance: software
CT-01387,AI-009,2026-08,software,Software,programme,V-SW-A,CC-SCM-AI,23079.76,Predictive Maintenance: software
CT-01388,AI-009,2025-09,saas,Software,programme,V-SAAS-B,CC-SCM-AI,13236.82,Predictive Maintenance: saas
CT-01389,AI-009,2025-10,saas,Software,programme,V-SAAS-B,CC-SCM-AI,12531.27,Predictive Maintenance: saas
CT-01390,AI-009,2025-11,saas,Software,programme,V-SAAS-B,CC-SCM-AI,13362.41,Predictive Maintenance: saas
CT-01391,AI-009,2025-12,saas,Software,programme,V-SAAS-B,CC-SCM-AI,13520.72,Predictive Maintenance: saas
CT-01392,AI-009,2026-01,saas,Software,programme,V-SAAS-B,CC-SCM-AI,14341.92,Predictive Maintenance: saas
CT-01393,AI-009,2026-02,saas,Software,programme,V-SAAS-B,CC-SCM-AI,8817.64,Predictive Maintenance: saas
CT-01394,AI-009,2026-03,saas,Software,programme,V-SAAS-B,CC-SCM-AI,8745.22,Predictive Maintenance: saas
CT-01395,AI-009,2026-04,saas,Software,programme,V-SAAS-B,CC-SCM-AI,9503.15,Predictive Maintenance: saas
CT-01396,AI-009,2026-05,saas,Software,programme,V-SAAS-B,CC-SCM-AI,9606.54,Predictive Maintenance: saas
CT-01397,AI-009,2026-06,saas,Software,programme,V-SAAS-B,CC-SCM-AI,8610.73,Predictive Maintenance: saas
CT-01398,AI-009,2026-07,saas,Software,programme,V-SAAS-B,CC-SCM-AI,8820.15,Predictive Maintenance: saas
CT-01399,AI-009,2026-08,saas,Software,programme,V-SAAS-B,CC-SCM-AI,9173.84,Predictive Maintenance: saas
CT-01400,AI-009,2025-09,cloud,Cloud,programme,V-HPE-GL,CC-SCM-AI,19906.54,Predictive Maintenance: cloud
CT-01401,AI-009,2025-10,cloud,Cloud,programme,V-HPE-GL,CC-SCM-AI,20374.87,Predictive Maintenance: cloud
CT-01402,AI-009,2025-11,cloud,Cloud,programme,V-HPE-GL,CC-SCM-AI,20120.91,Predictive Maintenance: cloud
CT-01403,AI-009,2025-12,cloud,Cloud,programme,V-HPE-GL,CC-SCM-AI,19182.44,Predictive Maintenance: cloud
CT-01404,AI-009,2026-01,cloud,Cloud,programme,V-HPE-GL,CC-SCM-AI,19756.05,Predictive Maintenance: cloud
CT-01405,AI-009,2026-02,cloud,Cloud,programme,V-HPE-GL,CC-SCM-AI,14188.27,Predictive Maintenance: cloud
CT-01406,AI-009,2026-03,cloud,Cloud,programme,V-HPE-GL,CC-SCM-AI,13899.99,Predictive Maintenance: cloud
CT-01407,AI-009,2026-04,cloud,Cloud,programme,V-HPE-GL,CC-SCM-AI,13693.4,Predictive Maintenance: cloud
CT-01408,AI-009,2026-05,cloud,Cloud,programme,V-HPE-GL,CC-SCM-AI,14638.04,Predictive Maintenance: cloud
CT-01409,AI-009,2026-06,cloud,Cloud,programme,V-HPE-GL,CC-SCM-AI,14288.1,Predictive Maintenance: cloud
CT-01410,AI-009,2026-07,cloud,Cloud,programme,V-HPE-GL,CC-SCM-AI,13533.35,Predictive Maintenance: cloud
CT-01411,AI-009,2026-08,cloud,Cloud,programme,V-HPE-GL,CC-SCM-AI,13441.53,Predictive Maintenance: cloud
CT-01412,AI-009,2025-09,vendors,Services,programme,V-SVC-D,CC-SCM-AI,22767.79,Predictive Maintenance: vendors
CT-01413,AI-009,2025-10,vendors,Services,programme,V-SVC-D,CC-SCM-AI,23826.15,Predictive Maintenance: vendors
CT-01414,AI-009,2025-11,vendors,Services,programme,V-SVC-D,CC-SCM-AI,23594.67,Predictive Maintenance: vendors
CT-01415,AI-009,2025-12,vendors,Services,programme,V-SVC-D,CC-SCM-AI,23071.26,Predictive Maintenance: vendors
CT-01416,AI-009,2026-01,vendors,Services,programme,V-SVC-D,CC-SCM-AI,22970.83,Predictive Maintenance: vendors
CT-01417,AI-009,2026-02,vendors,Services,programme,V-SVC-D,CC-SCM-AI,16063.53,Predictive Maintenance: vendors
CT-01418,AI-009,2026-03,vendors,Services,programme,V-SVC-D,CC-SCM-AI,16632.01,Predictive Maintenance: vendors
CT-01419,AI-009,2026-04,vendors,Services,programme,V-SVC-D,CC-SCM-AI,15841.02,Predictive Maintenance: vendors
CT-01420,AI-009,2026-05,vendors,Services,programme,V-SVC-D,CC-SCM-AI,16057.98,Predictive Maintenance: vendors
CT-01421,AI-009,2026-06,vendors,Services,programme,V-SVC-D,CC-SCM-AI,15678.46,Predictive Maintenance: vendors
CT-01422,AI-009,2026-07,vendors,Services,programme,V-SVC-D,CC-SCM-AI,17209.18,Predictive Maintenance: vendors
CT-01423,AI-009,2026-08,vendors,Services,programme,V-SVC-D,CC-SCM-AI,15244.71,Predictive Maintenance: vendors
CT-01424,AI-009,2025-09,consulting,Services,programme,V-SI-C,CC-SCM-AI,33477.07,Predictive Maintenance: consulting
CT-01425,AI-009,2025-10,consulting,Services,programme,V-SI-C,CC-SCM-AI,33540.0,Predictive Maintenance: consulting
CT-01426,AI-009,2025-11,consulting,Services,programme,V-SI-C,CC-SCM-AI,35223.88,Predictive Maintenance: consulting
CT-01427,AI-009,2025-12,consulting,Services,programme,V-SI-C,CC-SCM-AI,33287.95,Predictive Maintenance: consulting
CT-01428,AI-009,2026-01,consulting,Services,programme,V-SI-C,CC-SCM-AI,35337.66,Predictive Maintenance: consulting
CT-01429,AI-009,2026-02,consulting,Services,programme,V-SI-C,CC-SCM-AI,23233.74,Predictive Maintenance: consulting
CT-01430,AI-009,2026-03,consulting,Services,programme,V-SI-C,CC-SCM-AI,23488.74,Predictive Maintenance: consulting
CT-01431,AI-009,2026-04,consulting,Services,programme,V-SI-C,CC-SCM-AI,23079.37,Predictive Maintenance: consulting
CT-01432,AI-009,2026-05,consulting,Services,programme,V-SI-C,CC-SCM-AI,23582.57,Predictive Maintenance: consulting
CT-01433,AI-009,2026-06,consulting,Services,programme,V-SI-C,CC-SCM-AI,23281.84,Predictive Maintenance: consulting
CT-01434,AI-009,2026-07,consulting,Services,programme,V-SI-C,CC-SCM-AI,23079.69,Predictive Maintenance: consulting
CT-01435,AI-009,2026-08,consulting,Services,programme,V-SI-C,CC-SCM-AI,22819.37,Predictive Maintenance: consulting
CT-01436,AI-009,2025-09,employees,People,programme,,CC-SCM-AI,41270.68,Predictive Maintenance: employees
CT-01437,AI-009,2025-09,employees,People,programme,,CC-SCM-AI,27513.79,Predictive Maintenance: employees
CT-01438,AI-009,2025-10,employees,People,programme,,CC-SCM-AI,38424.82,Predictive Maintenance: employees
CT-01439,AI-009,2025-10,employees,People,programme,,CC-SCM-AI,25616.55,Predictive Maintenance: employees
CT-01440,AI-009,2025-11,employees,People,programme,,CC-SCM-AI,40639.98,Predictive Maintenance: employees
CT-01441,AI-009,2025-11,employees,People,programme,,CC-SCM-AI,27093.32,Predictive Maintenance: employees
CT-01442,AI-009,2025-12,employees,People,programme,,CC-SCM-AI,42118.68,Predictive Maintenance: employees
CT-01443,AI-009,2025-12,employees,People,programme,,CC-SCM-AI,28079.12,Predictive Maintenance: employees
CT-01444,AI-009,2026-01,employees,People,programme,,CC-SCM-AI,38317.86,Predictive Maintenance: employees
CT-01445,AI-009,2026-01,employees,People,programme,,CC-SCM-AI,25545.24,Predictive Maintenance: employees
CT-01446,AI-009,2026-02,employees,People,programme,,CC-SCM-AI,41419.81,Predictive Maintenance: employees
CT-01447,AI-009,2026-03,employees,People,programme,,CC-SCM-AI,44682.78,Predictive Maintenance: employees
CT-01448,AI-009,2026-04,employees,People,programme,,CC-SCM-AI,47039.02,Predictive Maintenance: employees
CT-01449,AI-009,2026-05,employees,People,programme,,CC-SCM-AI,47243.9,Predictive Maintenance: employees
CT-01450,AI-009,2026-06,employees,People,programme,,CC-SCM-AI,47262.08,Predictive Maintenance: employees
CT-01451,AI-009,2026-07,employees,People,programme,,CC-SCM-AI,47931.87,Predictive Maintenance: employees
CT-01452,AI-009,2026-08,employees,People,programme,,CC-SCM-AI,45798.87,Predictive Maintenance: employees
CT-01453,AI-009,2025-09,training,People,programme,V-TRN-F,CC-SCM-AI,10456.62,Predictive Maintenance: training
CT-01454,AI-009,2025-10,training,People,programme,V-TRN-F,CC-SCM-AI,10293.82,Predictive Maintenance: training
CT-01455,AI-009,2025-11,training,People,programme,V-TRN-F,CC-SCM-AI,10097.53,Predictive Maintenance: training
CT-01456,AI-009,2025-12,training,People,programme,V-TRN-F,CC-SCM-AI,10479.95,Predictive Maintenance: training
CT-01457,AI-009,2026-01,training,People,programme,V-TRN-F,CC-SCM-AI,10412.69,Predictive Maintenance: training
CT-01458,AI-009,2026-02,training,People,programme,V-TRN-F,CC-SCM-AI,6796.61,Predictive Maintenance: training
CT-01459,AI-009,2026-03,training,People,programme,V-TRN-F,CC-SCM-AI,6758.14,Predictive Maintenance: training
CT-01460,AI-009,2026-04,training,People,programme,V-TRN-F,CC-SCM-AI,6984.45,Predictive Maintenance: training
CT-01461,AI-009,2026-05,training,People,programme,V-TRN-F,CC-SCM-AI,6955.83,Predictive Maintenance: training
CT-01462,AI-009,2026-06,training,People,programme,V-TRN-F,CC-SCM-AI,7243.36,Predictive Maintenance: training
CT-01463,AI-009,2026-07,training,People,programme,V-TRN-F,CC-SCM-AI,6711.39,Predictive Maintenance: training
CT-01464,AI-009,2026-08,training,People,programme,V-TRN-F,CC-SCM-AI,7040.0,Predictive Maintenance: training
CT-01465,AI-009,2025-09,data,Other,programme,V-DATA-E,CC-SCM-AI,17185.36,Predictive Maintenance: data
CT-01466,AI-009,2025-10,data,Other,programme,V-DATA-E,CC-SCM-AI,18196.11,Predictive Maintenance: data
CT-01467,AI-009,2025-11,data,Other,programme,V-DATA-E,CC-SCM-AI,16365.45,Predictive Maintenance: data
CT-01468,AI-009,2025-12,data,Other,programme,V-DATA-E,CC-SCM-AI,17176.03,Predictive Maintenance: data
CT-01469,AI-009,2026-01,data,Other,programme,V-DATA-E,CC-SCM-AI,17153.44,Predictive Maintenance: data
CT-01470,AI-009,2026-02,data,Other,programme,V-DATA-E,CC-SCM-AI,12196.34,Predictive Maintenance: data
CT-01471,AI-009,2026-03,data,Other,programme,V-DATA-E,CC-SCM-AI,11947.99,Predictive Maintenance: data
CT-01472,AI-009,2026-04,data,Other,programme,V-DATA-E,CC-SCM-AI,11794.58,Predictive Maintenance: data
CT-01473,AI-009,2026-05,data,Other,programme,V-DATA-E,CC-SCM-AI,11235.37,Predictive Maintenance: data
CT-01474,AI-009,2026-06,data,Other,programme,V-DATA-E,CC-SCM-AI,11861.18,Predictive Maintenance: data
CT-01475,AI-009,2026-07,data,Other,programme,V-DATA-E,CC-SCM-AI,11555.97,Predictive Maintenance: data
CT-01476,AI-009,2026-08,data,Other,programme,V-DATA-E,CC-SCM-AI,11273.67,Predictive Maintenance: data
CT-01477,AI-009,2026-02,employees,Incremental operating cost,incremental_opex,,CC-SCM-OPS,27142.86,"Predictive Maintenance: business run cost (review, change management, support)"
CT-01478,AI-009,2026-03,employees,Incremental operating cost,incremental_opex,,CC-SCM-OPS,27142.86,"Predictive Maintenance: business run cost (review, change management, support)"
CT-01479,AI-009,2026-04,employees,Incremental operating cost,incremental_opex,,CC-SCM-OPS,27142.86,"Predictive Maintenance: business run cost (review, change management, support)"
CT-01480,AI-009,2026-05,employees,Incremental operating cost,incremental_opex,,CC-SCM-OPS,27142.86,"Predictive Maintenance: business run cost (review, change management, support)"
CT-01481,AI-009,2026-06,employees,Incremental operating cost,incremental_opex,,CC-SCM-OPS,27142.86,"Predictive Maintenance: business run cost (review, change management, support)"
CT-01482,AI-009,2026-07,employees,Incremental operating cost,incremental_opex,,CC-SCM-OPS,27142.86,"Predictive Maintenance: business run cost (review, change management, support)"
CT-01483,AI-009,2026-08,employees,Incremental operating cost,incremental_opex,,CC-SCM-OPS,27142.86,"Predictive Maintenance: business run cost (review, change management, support)"
CT-01484,AI-010,2025-09,gpu,Infrastructure,programme,V-HPE-INF,CC-SAL-AI,22504.44,AI Revenue Intelligence: gpu
CT-01485,AI-010,2025-10,gpu,Infrastructure,programme,V-HPE-INF,CC-SAL-AI,22532.08,AI Revenue Intelligence: gpu
CT-01486,AI-010,2025-11,gpu,Infrastructure,programme,V-HPE-INF,CC-SAL-AI,22603.06,AI Revenue Intelligence: gpu
CT-01487,AI-010,2025-12,gpu,Infrastructure,programme,V-HPE-INF,CC-SAL-AI,15541.49,AI Revenue Intelligence: gpu
CT-01488,AI-010,2026-01,gpu,Infrastructure,programme,V-HPE-INF,CC-SAL-AI,16036.19,AI Revenue Intelligence: gpu
CT-01489,AI-010,2026-02,gpu,Infrastructure,programme,V-HPE-INF,CC-SAL-AI,14961.68,AI Revenue Intelligence: gpu
CT-01490,AI-010,2026-03,gpu,Infrastructure,programme,V-HPE-INF,CC-SAL-AI,16423.17,AI Revenue Intelligence: gpu
CT-01491,AI-010,2026-04,gpu,Infrastructure,programme,V-HPE-INF,CC-SAL-AI,15423.24,AI Revenue Intelligence: gpu
CT-01492,AI-010,2026-05,gpu,Infrastructure,programme,V-HPE-INF,CC-SAL-AI,16561.83,AI Revenue Intelligence: gpu
CT-01493,AI-010,2026-06,gpu,Infrastructure,programme,V-HPE-INF,CC-SAL-AI,15848.23,AI Revenue Intelligence: gpu
CT-01494,AI-010,2026-07,gpu,Infrastructure,programme,V-HPE-INF,CC-SAL-AI,15315.21,AI Revenue Intelligence: gpu
CT-01495,AI-010,2026-08,gpu,Infrastructure,programme,V-HPE-INF,CC-SAL-AI,14768.6,AI Revenue Intelligence: gpu
CT-01496,AI-010,2025-09,compute,Infrastructure,programme,V-HPE-INF,CC-SAL-AI,18954.0,AI Revenue Intelligence: compute
CT-01497,AI-010,2025-10,compute,Infrastructure,programme,V-HPE-INF,CC-SAL-AI,18191.95,AI Revenue Intelligence: compute
CT-01498,AI-010,2025-11,compute,Infrastructure,programme,V-HPE-INF,CC-SAL-AI,20605.15,AI Revenue Intelligence: compute
CT-01499,AI-010,2025-12,compute,Infrastructure,programme,V-HPE-INF,CC-SAL-AI,12882.12,AI Revenue Intelligence: compute
CT-01500,AI-010,2026-01,compute,Infrastructure,programme,V-HPE-INF,CC-SAL-AI,13200.54,AI Revenue Intelligence: compute
CT-01501,AI-010,2026-02,compute,Infrastructure,programme,V-HPE-INF,CC-SAL-AI,13252.72,AI Revenue Intelligence: compute
CT-01502,AI-010,2026-03,compute,Infrastructure,programme,V-HPE-INF,CC-SAL-AI,14019.93,AI Revenue Intelligence: compute
CT-01503,AI-010,2026-04,compute,Infrastructure,programme,V-HPE-INF,CC-SAL-AI,12286.62,AI Revenue Intelligence: compute
CT-01504,AI-010,2026-05,compute,Infrastructure,programme,V-HPE-INF,CC-SAL-AI,12201.08,AI Revenue Intelligence: compute
CT-01505,AI-010,2026-06,compute,Infrastructure,programme,V-HPE-INF,CC-SAL-AI,12742.26,AI Revenue Intelligence: compute
CT-01506,AI-010,2026-07,compute,Infrastructure,programme,V-HPE-INF,CC-SAL-AI,13592.73,AI Revenue Intelligence: compute
CT-01507,AI-010,2026-08,compute,Infrastructure,programme,V-HPE-INF,CC-SAL-AI,13235.37,AI Revenue Intelligence: compute
CT-01508,AI-010,2025-09,storage,Infrastructure,programme,V-HPE-INF,CC-SAL-AI,15512.92,AI Revenue Intelligence: storage
CT-01509,AI-010,2025-10,storage,Infrastructure,programme,V-HPE-INF,CC-SAL-AI,16165.51,AI Revenue Intelligence: storage
CT-01510,AI-010,2025-11,storage,Infrastructure,programme,V-HPE-INF,CC-SAL-AI,15318.71,AI Revenue Intelligence: storage
CT-01511,AI-010,2025-12,storage,Infrastructure,programme,V-HPE-INF,CC-SAL-AI,9693.28,AI Revenue Intelligence: storage
CT-01512,AI-010,2026-01,storage,Infrastructure,programme,V-HPE-INF,CC-SAL-AI,9964.62,AI Revenue Intelligence: storage
CT-01513,AI-010,2026-02,storage,Infrastructure,programme,V-HPE-INF,CC-SAL-AI,10497.49,AI Revenue Intelligence: storage
CT-01514,AI-010,2026-03,storage,Infrastructure,programme,V-HPE-INF,CC-SAL-AI,9979.07,AI Revenue Intelligence: storage
CT-01515,AI-010,2026-04,storage,Infrastructure,programme,V-HPE-INF,CC-SAL-AI,10597.49,AI Revenue Intelligence: storage
CT-01516,AI-010,2026-05,storage,Infrastructure,programme,V-HPE-INF,CC-SAL-AI,10485.67,AI Revenue Intelligence: storage
CT-01517,AI-010,2026-06,storage,Infrastructure,programme,V-HPE-INF,CC-SAL-AI,10227.13,AI Revenue Intelligence: storage
CT-01518,AI-010,2026-07,storage,Infrastructure,programme,V-HPE-INF,CC-SAL-AI,10296.25,AI Revenue Intelligence: storage
CT-01519,AI-010,2026-08,storage,Infrastructure,programme,V-HPE-INF,CC-SAL-AI,10380.14,AI Revenue Intelligence: storage
CT-01520,AI-010,2025-09,networking,Infrastructure,programme,V-HPE-NET,CC-SAL-AI,7941.76,AI Revenue Intelligence: networking
CT-01521,AI-010,2025-10,networking,Infrastructure,programme,V-HPE-NET,CC-SAL-AI,8322.77,AI Revenue Intelligence: networking
CT-01522,AI-010,2025-11,networking,Infrastructure,programme,V-HPE-NET,CC-SAL-AI,7862.13,AI Revenue Intelligence: networking
CT-01523,AI-010,2025-12,networking,Infrastructure,programme,V-HPE-NET,CC-SAL-AI,5338.78,AI Revenue Intelligence: networking
CT-01524,AI-010,2026-01,networking,Infrastructure,programme,V-HPE-NET,CC-SAL-AI,5506.89,AI Revenue Intelligence: networking
CT-01525,AI-010,2026-02,networking,Infrastructure,programme,V-HPE-NET,CC-SAL-AI,5048.02,AI Revenue Intelligence: networking
CT-01526,AI-010,2026-03,networking,Infrastructure,programme,V-HPE-NET,CC-SAL-AI,5143.47,AI Revenue Intelligence: networking
CT-01527,AI-010,2026-04,networking,Infrastructure,programme,V-HPE-NET,CC-SAL-AI,5478.94,AI Revenue Intelligence: networking
CT-01528,AI-010,2026-05,networking,Infrastructure,programme,V-HPE-NET,CC-SAL-AI,5542.03,AI Revenue Intelligence: networking
CT-01529,AI-010,2026-06,networking,Infrastructure,programme,V-HPE-NET,CC-SAL-AI,5192.96,AI Revenue Intelligence: networking
CT-01530,AI-010,2026-07,networking,Infrastructure,programme,V-HPE-NET,CC-SAL-AI,5464.55,AI Revenue Intelligence: networking
CT-01531,AI-010,2026-08,networking,Infrastructure,programme,V-HPE-NET,CC-SAL-AI,5175.04,AI Revenue Intelligence: networking
CT-01532,AI-010,2025-09,software,Software,programme,V-SW-A,CC-SAL-AI,31375.43,AI Revenue Intelligence: software
CT-01533,AI-010,2025-10,software,Software,programme,V-SW-A,CC-SAL-AI,30942.8,AI Revenue Intelligence: software
CT-01534,AI-010,2025-11,software,Software,programme,V-SW-A,CC-SAL-AI,31537.52,AI Revenue Intelligence: software
CT-01535,AI-010,2025-12,software,Software,programme,V-SW-A,CC-SAL-AI,20169.76,AI Revenue Intelligence: software
CT-01536,AI-010,2026-01,software,Software,programme,V-SW-A,CC-SAL-AI,20826.58,AI Revenue Intelligence: software
CT-01537,AI-010,2026-02,software,Software,programme,V-SW-A,CC-SAL-AI,20343.38,AI Revenue Intelligence: software
CT-01538,AI-010,2026-03,software,Software,programme,V-SW-A,CC-SAL-AI,20471.72,AI Revenue Intelligence: software
CT-01539,AI-010,2026-04,software,Software,programme,V-SW-A,CC-SAL-AI,21369.7,AI Revenue Intelligence: software
CT-01540,AI-010,2026-05,software,Software,programme,V-SW-A,CC-SAL-AI,20546.75,AI Revenue Intelligence: software
CT-01541,AI-010,2026-06,software,Software,programme,V-SW-A,CC-SAL-AI,20468.94,AI Revenue Intelligence: software
CT-01542,AI-010,2026-07,software,Software,programme,V-SW-A,CC-SAL-AI,21484.64,AI Revenue Intelligence: software
CT-01543,AI-010,2026-08,software,Software,programme,V-SW-A,CC-SAL-AI,20981.67,AI Revenue Intelligence: software
CT-01544,AI-010,2025-09,saas,Software,programme,V-SAAS-B,CC-SAL-AI,21379.64,AI Revenue Intelligence: saas
CT-01545,AI-010,2025-10,saas,Software,programme,V-SAAS-B,CC-SAL-AI,23672.16,AI Revenue Intelligence: saas
CT-01546,AI-010,2025-11,saas,Software,programme,V-SAAS-B,CC-SAL-AI,23446.45,AI Revenue Intelligence: saas
CT-01547,AI-010,2025-12,saas,Software,programme,V-SAAS-B,CC-SAL-AI,15757.78,AI Revenue Intelligence: saas
CT-01548,AI-010,2026-01,saas,Software,programme,V-SAAS-B,CC-SAL-AI,15009.97,AI Revenue Intelligence: saas
CT-01549,AI-010,2026-02,saas,Software,programme,V-SAAS-B,CC-SAL-AI,16610.2,AI Revenue Intelligence: saas
CT-01550,AI-010,2026-03,saas,Software,programme,V-SAAS-B,CC-SAL-AI,16001.59,AI Revenue Intelligence: saas
CT-01551,AI-010,2026-04,saas,Software,programme,V-SAAS-B,CC-SAL-AI,15273.11,AI Revenue Intelligence: saas
CT-01552,AI-010,2026-05,saas,Software,programme,V-SAAS-B,CC-SAL-AI,14434.44,AI Revenue Intelligence: saas
CT-01553,AI-010,2026-06,saas,Software,programme,V-SAAS-B,CC-SAL-AI,15494.46,AI Revenue Intelligence: saas
CT-01554,AI-010,2026-07,saas,Software,programme,V-SAAS-B,CC-SAL-AI,15667.56,AI Revenue Intelligence: saas
CT-01555,AI-010,2026-08,saas,Software,programme,V-SAAS-B,CC-SAL-AI,14900.83,AI Revenue Intelligence: saas
CT-01556,AI-010,2025-09,cloud,Cloud,programme,V-HPE-GL,CC-SAL-AI,58113.29,AI Revenue Intelligence: cloud
CT-01557,AI-010,2025-09,cloud,Cloud,programme,V-HPE-GL,CC-SAL-AI,38742.2,AI Revenue Intelligence: cloud
CT-01558,AI-010,2025-10,cloud,Cloud,programme,V-HPE-GL,CC-SAL-AI,55153.32,AI Revenue Intelligence: cloud
CT-01559,AI-010,2025-10,cloud,Cloud,programme,V-HPE-GL,CC-SAL-AI,36768.88,AI Revenue Intelligence: cloud
CT-01560,AI-010,2025-11,cloud,Cloud,programme,V-HPE-GL,CC-SAL-AI,55477.9,AI Revenue Intelligence: cloud
CT-01561,AI-010,2025-11,cloud,Cloud,programme,V-HPE-GL,CC-SAL-AI,36985.27,AI Revenue Intelligence: cloud
CT-01562,AI-010,2025-12,cloud,Cloud,programme,V-HPE-GL,CC-SAL-AI,58119.42,AI Revenue Intelligence: cloud
CT-01563,AI-010,2026-01,cloud,Cloud,programme,V-HPE-GL,CC-SAL-AI,37669.29,AI Revenue Intelligence: cloud
CT-01564,AI-010,2026-01,cloud,Cloud,programme,V-HPE-GL,CC-SAL-AI,25112.86,AI Revenue Intelligence: cloud
CT-01565,AI-010,2026-02,cloud,Cloud,programme,V-HPE-GL,CC-SAL-AI,39610.28,AI Revenue Intelligence: cloud
CT-01566,AI-010,2026-02,cloud,Cloud,programme,V-HPE-GL,CC-SAL-AI,26406.86,AI Revenue Intelligence: cloud
CT-01567,AI-010,2026-03,cloud,Cloud,programme,V-HPE-GL,CC-SAL-AI,36952.23,AI Revenue Intelligence: cloud
CT-01568,AI-010,2026-03,cloud,Cloud,programme,V-HPE-GL,CC-SAL-AI,24634.82,AI Revenue Intelligence: cloud
CT-01569,AI-010,2026-04,cloud,Cloud,programme,V-HPE-GL,CC-SAL-AI,37822.37,AI Revenue Intelligence: cloud
CT-01570,AI-010,2026-04,cloud,Cloud,programme,V-HPE-GL,CC-SAL-AI,25214.91,AI Revenue Intelligence: cloud
CT-01571,AI-010,2026-05,cloud,Cloud,programme,V-HPE-GL,CC-SAL-AI,37952.98,AI Revenue Intelligence: cloud
CT-01572,AI-010,2026-05,cloud,Cloud,programme,V-HPE-GL,CC-SAL-AI,25301.99,AI Revenue Intelligence: cloud
CT-01573,AI-010,2026-06,cloud,Cloud,programme,V-HPE-GL,CC-SAL-AI,57508.0,AI Revenue Intelligence: cloud
CT-01574,AI-010,2026-06,cloud,Cloud,programme,V-HPE-GL,CC-SAL-AI,38338.67,AI Revenue Intelligence: cloud
CT-01575,AI-010,2026-07,cloud,Cloud,programme,V-HPE-GL,CC-SAL-AI,54194.68,AI Revenue Intelligence: cloud
CT-01576,AI-010,2026-07,cloud,Cloud,programme,V-HPE-GL,CC-SAL-AI,36129.78,AI Revenue Intelligence: cloud
CT-01577,AI-010,2026-08,cloud,Cloud,programme,V-HPE-GL,CC-SAL-AI,57978.75,AI Revenue Intelligence: cloud
CT-01578,AI-010,2026-08,cloud,Cloud,programme,V-HPE-GL,CC-SAL-AI,38652.5,AI Revenue Intelligence: cloud
CT-01579,AI-010,2025-09,vendors,Services,programme,V-SVC-D,CC-SAL-AI,18704.51,AI Revenue Intelligence: vendors
CT-01580,AI-010,2025-10,vendors,Services,programme,V-SVC-D,CC-SAL-AI,19690.53,AI Revenue Intelligence: vendors
CT-01581,AI-010,2025-11,vendors,Services,programme,V-SVC-D,CC-SAL-AI,18706.9,AI Revenue Intelligence: vendors
CT-01582,AI-010,2025-12,vendors,Services,programme,V-SVC-D,CC-SAL-AI,13543.79,AI Revenue Intelligence: vendors
CT-01583,AI-010,2026-01,vendors,Services,programme,V-SVC-D,CC-SAL-AI,13792.2,AI Revenue Intelligence: vendors
CT-01584,AI-010,2026-02,vendors,Services,programme,V-SVC-D,CC-SAL-AI,12967.24,AI Revenue Intelligence: vendors
CT-01585,AI-010,2026-03,vendors,Services,programme,V-SVC-D,CC-SAL-AI,12495.26,AI Revenue Intelligence: vendors
CT-01586,AI-010,2026-04,vendors,Services,programme,V-SVC-D,CC-SAL-AI,13698.16,AI Revenue Intelligence: vendors
CT-01587,AI-010,2026-05,vendors,Services,programme,V-SVC-D,CC-SAL-AI,12460.05,AI Revenue Intelligence: vendors
CT-01588,AI-010,2026-06,vendors,Services,programme,V-SVC-D,CC-SAL-AI,12991.42,AI Revenue Intelligence: vendors
CT-01589,AI-010,2026-07,vendors,Services,programme,V-SVC-D,CC-SAL-AI,12690.45,AI Revenue Intelligence: vendors
CT-01590,AI-010,2026-08,vendors,Services,programme,V-SVC-D,CC-SAL-AI,12969.06,AI Revenue Intelligence: vendors
CT-01591,AI-010,2025-09,consulting,Services,programme,V-SI-C,CC-SAL-AI,32217.88,AI Revenue Intelligence: consulting
CT-01592,AI-010,2025-10,consulting,Services,programme,V-SI-C,CC-SAL-AI,32496.93,AI Revenue Intelligence: consulting
CT-01593,AI-010,2025-11,consulting,Services,programme,V-SI-C,CC-SAL-AI,34714.02,AI Revenue Intelligence: consulting
CT-01594,AI-010,2025-12,consulting,Services,programme,V-SI-C,CC-SAL-AI,23754.67,AI Revenue Intelligence: consulting
CT-01595,AI-010,2026-01,consulting,Services,programme,V-SI-C,CC-SAL-AI,24253.7,AI Revenue Intelligence: consulting
CT-01596,AI-010,2026-02,consulting,Services,programme,V-SI-C,CC-SAL-AI,22520.49,AI Revenue Intelligence: consulting
CT-01597,AI-010,2026-03,consulting,Services,programme,V-SI-C,CC-SAL-AI,23976.91,AI Revenue Intelligence: consulting
CT-01598,AI-010,2026-04,consulting,Services,programme,V-SI-C,CC-SAL-AI,24220.04,AI Revenue Intelligence: consulting
CT-01599,AI-010,2026-05,consulting,Services,programme,V-SI-C,CC-SAL-AI,23467.74,AI Revenue Intelligence: consulting
CT-01600,AI-010,2026-06,consulting,Services,programme,V-SI-C,CC-SAL-AI,23951.03,AI Revenue Intelligence: consulting
CT-01601,AI-010,2026-07,consulting,Services,programme,V-SI-C,CC-SAL-AI,25040.71,AI Revenue Intelligence: consulting
CT-01602,AI-010,2026-08,consulting,Services,programme,V-SI-C,CC-SAL-AI,24781.9,AI Revenue Intelligence: consulting
CT-01603,AI-010,2025-09,employees,People,programme,,CC-SAL-AI,53609.01,AI Revenue Intelligence: employees
CT-01604,AI-010,2025-09,employees,People,programme,,CC-SAL-AI,35739.34,AI Revenue Intelligence: employees
CT-01605,AI-010,2025-10,employees,People,programme,,CC-SAL-AI,52005.12,AI Revenue Intelligence: employees
CT-01606,AI-010,2025-10,employees,People,programme,,CC-SAL-AI,34670.08,AI Revenue Intelligence: employees
CT-01607,AI-010,2025-11,employees,People,programme,,CC-SAL-AI,53921.01,AI Revenue Intelligence: employees
CT-01608,AI-010,2025-11,employees,People,programme,,CC-SAL-AI,35947.34,AI Revenue Intelligence: employees
CT-01609,AI-010,2025-12,employees,People,programme,,CC-SAL-AI,59597.41,AI Revenue Intelligence: employees
CT-01610,AI-010,2026-01,employees,People,programme,,CC-SAL-AI,36252.24,AI Revenue Intelligence: employees
CT-01611,AI-010,2026-01,employees,People,programme,,CC-SAL-AI,24168.16,AI Revenue Intelligence: employees
CT-01612,AI-010,2026-02,employees,People,programme,,CC-SAL-AI,36059.56,AI Revenue Intelligence: employees
CT-01613,AI-010,2026-02,employees,People,programme,,CC-SAL-AI,24039.71,AI Revenue Intelligence: employees
CT-01614,AI-010,2026-03,employees,People,programme,,CC-SAL-AI,36634.61,AI Revenue Intelligence: employees
CT-01615,AI-010,2026-03,employees,People,programme,,CC-SAL-AI,24423.07,AI Revenue Intelligence: employees
CT-01616,AI-010,2026-04,employees,People,programme,,CC-SAL-AI,59830.57,AI Revenue Intelligence: employees
CT-01617,AI-010,2026-05,employees,People,programme,,CC-SAL-AI,36510.61,AI Revenue Intelligence: employees
CT-01618,AI-010,2026-05,employees,People,programme,,CC-SAL-AI,24340.41,AI Revenue Intelligence: employees
CT-01619,AI-010,2026-06,employees,People,programme,,CC-SAL-AI,37085.95,AI Revenue Intelligence: employees
CT-01620,AI-010,2026-06,employees,People,programme,,CC-SAL-AI,24723.97,AI Revenue Intelligence: employees
CT-01621,AI-010,2026-07,employees,People,programme,,CC-SAL-AI,58716.31,AI Revenue Intelligence: employees
CT-01622,AI-010,2026-08,employees,People,programme,,CC-SAL-AI,57735.99,AI Revenue Intelligence: employees
CT-01623,AI-010,2025-09,training,People,programme,V-TRN-F,CC-SAL-AI,11312.25,AI Revenue Intelligence: training
CT-01624,AI-010,2025-10,training,People,programme,V-TRN-F,CC-SAL-AI,11214.94,AI Revenue Intelligence: training
CT-01625,AI-010,2025-11,training,People,programme,V-TRN-F,CC-SAL-AI,11523.14,AI Revenue Intelligence: training
CT-01626,AI-010,2025-12,training,People,programme,V-TRN-F,CC-SAL-AI,8073.24,AI Revenue Intelligence: training
CT-01627,AI-010,2026-01,training,People,programme,V-TRN-F,CC-SAL-AI,7846.87,AI Revenue Intelligence: training
CT-01628,AI-010,2026-02,training,People,programme,V-TRN-F,CC-SAL-AI,8020.55,AI Revenue Intelligence: training
CT-01629,AI-010,2026-03,training,People,programme,V-TRN-F,CC-SAL-AI,7834.94,AI Revenue Intelligence: training
CT-01630,AI-010,2026-04,training,People,programme,V-TRN-F,CC-SAL-AI,7744.12,AI Revenue Intelligence: training
CT-01631,AI-010,2026-05,training,People,programme,V-TRN-F,CC-SAL-AI,7785.18,AI Revenue Intelligence: training
CT-01632,AI-010,2026-06,training,People,programme,V-TRN-F,CC-SAL-AI,7898.14,AI Revenue Intelligence: training
CT-01633,AI-010,2026-07,training,People,programme,V-TRN-F,CC-SAL-AI,7709.5,AI Revenue Intelligence: training
CT-01634,AI-010,2026-08,training,People,programme,V-TRN-F,CC-SAL-AI,7798.95,AI Revenue Intelligence: training
CT-01635,AI-010,2025-09,data,Other,programme,V-DATA-E,CC-SAL-AI,20212.58,AI Revenue Intelligence: data
CT-01636,AI-010,2025-10,data,Other,programme,V-DATA-E,CC-SAL-AI,19630.37,AI Revenue Intelligence: data
CT-01637,AI-010,2025-11,data,Other,programme,V-DATA-E,CC-SAL-AI,19240.26,AI Revenue Intelligence: data
CT-01638,AI-010,2025-12,data,Other,programme,V-DATA-E,CC-SAL-AI,11544.69,AI Revenue Intelligence: data
CT-01639,AI-010,2026-01,data,Other,programme,V-DATA-E,CC-SAL-AI,13569.47,AI Revenue Intelligence: data
CT-01640,AI-010,2026-02,data,Other,programme,V-DATA-E,CC-SAL-AI,13742.39,AI Revenue Intelligence: data
CT-01641,AI-010,2026-03,data,Other,programme,V-DATA-E,CC-SAL-AI,13916.95,AI Revenue Intelligence: data
CT-01642,AI-010,2026-04,data,Other,programme,V-DATA-E,CC-SAL-AI,13218.7,AI Revenue Intelligence: data
CT-01643,AI-010,2026-05,data,Other,programme,V-DATA-E,CC-SAL-AI,12985.18,AI Revenue Intelligence: data
CT-01644,AI-010,2026-06,data,Other,programme,V-DATA-E,CC-SAL-AI,12764.41,AI Revenue Intelligence: data
CT-01645,AI-010,2026-07,data,Other,programme,V-DATA-E,CC-SAL-AI,13170.74,AI Revenue Intelligence: data
CT-01646,AI-010,2026-08,data,Other,programme,V-DATA-E,CC-SAL-AI,13298.71,AI Revenue Intelligence: data
CT-01647,AI-010,2025-12,employees,Incremental operating cost,incremental_opex,,CC-SAL-OPS,37777.78,"AI Revenue Intelligence: business run cost (review, change management, support)"
CT-01648,AI-010,2026-01,employees,Incremental operating cost,incremental_opex,,CC-SAL-OPS,37777.78,"AI Revenue Intelligence: business run cost (review, change management, support)"
CT-01649,AI-010,2026-02,employees,Incremental operating cost,incremental_opex,,CC-SAL-OPS,37777.78,"AI Revenue Intelligence: business run cost (review, change management, support)"
CT-01650,AI-010,2026-03,employees,Incremental operating cost,incremental_opex,,CC-SAL-OPS,37777.78,"AI Revenue Intelligence: business run cost (review, change management, support)"
CT-01651,AI-010,2026-04,employees,Incremental operating cost,incremental_opex,,CC-SAL-OPS,37777.78,"AI Revenue Intelligence: business run cost (review, change management, support)"
CT-01652,AI-010,2026-05,employees,Incremental operating cost,incremental_opex,,CC-SAL-OPS,37777.78,"AI Revenue Intelligence: business run cost (review, change management, support)"
CT-01653,AI-010,2026-06,employees,Incremental operating cost,incremental_opex,,CC-SAL-OPS,37777.78,"AI Revenue Intelligence: business run cost (review, change management, support)"
CT-01654,AI-010,2026-07,employees,Incremental operating cost,incremental_opex,,CC-SAL-OPS,37777.78,"AI Revenue Intelligence: business run cost (review, change management, support)"
CT-01655,AI-010,2026-08,employees,Incremental operating cost,incremental_opex,,CC-SAL-OPS,37777.78,"AI Revenue Intelligence: business run cost (review, change management, support)"
CT-01656,AI-011,2025-10,gpu,Infrastructure,programme,V-HPE-INF,CC-COR-AI,37068.04,Document Intelligence: gpu
CT-01657,AI-011,2025-11,gpu,Infrastructure,programme,V-HPE-INF,CC-COR-AI,37626.94,Document Intelligence: gpu
CT-01658,AI-011,2025-12,gpu,Infrastructure,programme,V-HPE-INF,CC-COR-AI,24423.8,Document Intelligence: gpu
CT-01659,AI-011,2026-01,gpu,Infrastructure,programme,V-HPE-INF,CC-COR-AI,27578.76,Document Intelligence: gpu
CT-01660,AI-011,2026-02,gpu,Infrastructure,programme,V-HPE-INF,CC-COR-AI,25638.11,Document Intelligence: gpu
CT-01661,AI-011,2026-03,gpu,Infrastructure,programme,V-HPE-INF,CC-COR-AI,24672.26,Document Intelligence: gpu
CT-01662,AI-011,2026-04,gpu,Infrastructure,programme,V-HPE-INF,CC-COR-AI,27385.02,Document Intelligence: gpu
CT-01663,AI-011,2026-05,gpu,Infrastructure,programme,V-HPE-INF,CC-COR-AI,26619.24,Document Intelligence: gpu
CT-01664,AI-011,2026-06,gpu,Infrastructure,programme,V-HPE-INF,CC-COR-AI,24942.25,Document Intelligence: gpu
CT-01665,AI-011,2026-07,gpu,Infrastructure,programme,V-HPE-INF,CC-COR-AI,26036.35,Document Intelligence: gpu
CT-01666,AI-011,2026-08,gpu,Infrastructure,programme,V-HPE-INF,CC-COR-AI,23946.19,Document Intelligence: gpu
CT-01667,AI-011,2025-10,compute,Infrastructure,programme,V-HPE-INF,CC-COR-AI,13514.74,Document Intelligence: compute
CT-01668,AI-011,2025-11,compute,Infrastructure,programme,V-HPE-INF,CC-COR-AI,14547.79,Document Intelligence: compute
CT-01669,AI-011,2025-12,compute,Infrastructure,programme,V-HPE-INF,CC-COR-AI,9744.48,Document Intelligence: compute
CT-01670,AI-011,2026-01,compute,Infrastructure,programme,V-HPE-INF,CC-COR-AI,9260.37,Document Intelligence: compute
CT-01671,AI-011,2026-02,compute,Infrastructure,programme,V-HPE-INF,CC-COR-AI,8725.79,Document Intelligence: compute
CT-01672,AI-011,2026-03,compute,Infrastructure,programme,V-HPE-INF,CC-COR-AI,9853.64,Document Intelligence: compute
CT-01673,AI-011,2026-04,compute,Infrastructure,programme,V-HPE-INF,CC-COR-AI,9358.93,Document Intelligence: compute
CT-01674,AI-011,2026-05,compute,Infrastructure,programme,V-HPE-INF,CC-COR-AI,9636.95,Document Intelligence: compute
CT-01675,AI-011,2026-06,compute,Infrastructure,programme,V-HPE-INF,CC-COR-AI,9266.42,Document Intelligence: compute
CT-01676,AI-011,2026-07,compute,Infrastructure,programme,V-HPE-INF,CC-COR-AI,9801.41,Document Intelligence: compute
CT-01677,AI-011,2026-08,compute,Infrastructure,programme,V-HPE-INF,CC-COR-AI,9074.17,Document Intelligence: compute
CT-01678,AI-011,2025-10,storage,Infrastructure,programme,V-HPE-INF,CC-COR-AI,12161.63,Document Intelligence: storage
CT-01679,AI-011,2025-11,storage,Infrastructure,programme,V-HPE-INF,CC-COR-AI,12031.06,Document Intelligence: storage
CT-01680,AI-011,2025-12,storage,Infrastructure,programme,V-HPE-INF,CC-COR-AI,8328.22,Document Intelligence: storage
CT-01681,AI-011,2026-01,storage,Infrastructure,programme,V-HPE-INF,CC-COR-AI,8958.88,Document Intelligence: storage
CT-01682,AI-011,2026-02,storage,Infrastructure,programme,V-HPE-INF,CC-COR-AI,8292.52,Document Intelligence: storage
CT-01683,AI-011,2026-03,storage,Infrastructure,programme,V-HPE-INF,CC-COR-AI,7934.48,Document Intelligence: storage
CT-01684,AI-011,2026-04,storage,Infrastructure,programme,V-HPE-INF,CC-COR-AI,8139.7,Document Intelligence: storage
CT-01685,AI-011,2026-05,storage,Infrastructure,programme,V-HPE-INF,CC-COR-AI,7969.23,Document Intelligence: storage
CT-01686,AI-011,2026-06,storage,Infrastructure,programme,V-HPE-INF,CC-COR-AI,7648.38,Document Intelligence: storage
CT-01687,AI-011,2026-07,storage,Infrastructure,programme,V-HPE-INF,CC-COR-AI,8492.93,Document Intelligence: storage
CT-01688,AI-011,2026-08,storage,Infrastructure,programme,V-HPE-INF,CC-COR-AI,7874.26,Document Intelligence: storage
CT-01689,AI-011,2025-10,networking,Infrastructure,programme,V-HPE-NET,CC-COR-AI,7320.96,Document Intelligence: networking
CT-01690,AI-011,2025-11,networking,Infrastructure,programme,V-HPE-NET,CC-COR-AI,6669.98,Document Intelligence: networking
CT-01691,AI-011,2025-12,networking,Infrastructure,programme,V-HPE-NET,CC-COR-AI,4956.24,Document Intelligence: networking
CT-01692,AI-011,2026-01,networking,Infrastructure,programme,V-HPE-NET,CC-COR-AI,5134.87,Document Intelligence: networking
CT-01693,AI-011,2026-02,networking,Infrastructure,programme,V-HPE-NET,CC-COR-AI,4697.49,Document Intelligence: networking
CT-01694,AI-011,2026-03,networking,Infrastructure,programme,V-HPE-NET,CC-COR-AI,4593.56,Document Intelligence: networking
CT-01695,AI-011,2026-04,networking,Infrastructure,programme,V-HPE-NET,CC-COR-AI,4494.51,Document Intelligence: networking
CT-01696,AI-011,2026-05,networking,Infrastructure,programme,V-HPE-NET,CC-COR-AI,4787.94,Document Intelligence: networking
CT-01697,AI-011,2026-06,networking,Infrastructure,programme,V-HPE-NET,CC-COR-AI,4628.94,Document Intelligence: networking
CT-01698,AI-011,2026-07,networking,Infrastructure,programme,V-HPE-NET,CC-COR-AI,4753.04,Document Intelligence: networking
CT-01699,AI-011,2026-08,networking,Infrastructure,programme,V-HPE-NET,CC-COR-AI,4666.62,Document Intelligence: networking
CT-01700,AI-011,2025-10,software,Software,programme,V-SW-A,CC-COR-AI,17252.93,Document Intelligence: software
CT-01701,AI-011,2025-11,software,Software,programme,V-SW-A,CC-COR-AI,16766.14,Document Intelligence: software
CT-01702,AI-011,2025-12,software,Software,programme,V-SW-A,CC-COR-AI,12084.19,Document Intelligence: software
CT-01703,AI-011,2026-01,software,Software,programme,V-SW-A,CC-COR-AI,11935.95,Document Intelligence: software
CT-01704,AI-011,2026-02,software,Software,programme,V-SW-A,CC-COR-AI,12015.78,Document Intelligence: software
CT-01705,AI-011,2026-03,software,Software,programme,V-SW-A,CC-COR-AI,11326.58,Document Intelligence: software
CT-01706,AI-011,2026-04,software,Software,programme,V-SW-A,CC-COR-AI,11641.35,Document Intelligence: software
CT-01707,AI-011,2026-05,software,Software,programme,V-SW-A,CC-COR-AI,11136.82,Document Intelligence: software
CT-01708,AI-011,2026-06,software,Software,programme,V-SW-A,CC-COR-AI,11623.36,Document Intelligence: software
CT-01709,AI-011,2026-07,software,Software,programme,V-SW-A,CC-COR-AI,10968.43,Document Intelligence: software
CT-01710,AI-011,2026-08,software,Software,programme,V-SW-A,CC-COR-AI,11689.28,Document Intelligence: software
CT-01711,AI-011,2025-10,saas,Software,programme,V-SAAS-B,CC-COR-AI,3446.72,Document Intelligence: saas
CT-01712,AI-011,2025-11,saas,Software,programme,V-SAAS-B,CC-COR-AI,3304.9,Document Intelligence: saas
CT-01713,AI-011,2025-12,saas,Software,programme,V-SAAS-B,CC-COR-AI,2195.11,Document Intelligence: saas
CT-01714,AI-011,2026-01,saas,Software,programme,V-SAAS-B,CC-COR-AI,2520.15,Document Intelligence: saas
CT-01715,AI-011,2026-02,saas,Software,programme,V-SAAS-B,CC-COR-AI,2327.69,Document Intelligence: saas
CT-01716,AI-011,2026-03,saas,Software,programme,V-SAAS-B,CC-COR-AI,2237.49,Document Intelligence: saas
CT-01717,AI-011,2026-04,saas,Software,programme,V-SAAS-B,CC-COR-AI,2239.97,Document Intelligence: saas
CT-01718,AI-011,2026-05,saas,Software,programme,V-SAAS-B,CC-COR-AI,2292.69,Document Intelligence: saas
CT-01719,AI-011,2026-06,saas,Software,programme,V-SAAS-B,CC-COR-AI,2336.91,Document Intelligence: saas
CT-01720,AI-011,2026-07,saas,Software,programme,V-SAAS-B,CC-COR-AI,2430.22,Document Intelligence: saas
CT-01721,AI-011,2026-08,saas,Software,programme,V-SAAS-B,CC-COR-AI,2307.07,Document Intelligence: saas
CT-01722,AI-011,2025-10,cloud,Cloud,programme,V-HPE-GL,CC-COR-AI,3739.61,Document Intelligence: cloud
CT-01723,AI-011,2025-11,cloud,Cloud,programme,V-HPE-GL,CC-COR-AI,3501.01,Document Intelligence: cloud
CT-01724,AI-011,2025-12,cloud,Cloud,programme,V-HPE-GL,CC-COR-AI,2320.88,Document Intelligence: cloud
CT-01725,AI-011,2026-01,cloud,Cloud,programme,V-HPE-GL,CC-COR-AI,2213.96,Document Intelligence: cloud
CT-01726,AI-011,2026-02,cloud,Cloud,programme,V-HPE-GL,CC-COR-AI,2371.95,Document Intelligence: cloud
CT-01727,AI-011,2026-03,cloud,Cloud,programme,V-HPE-GL,CC-COR-AI,2275.61,Document Intelligence: cloud
CT-01728,AI-011,2026-04,cloud,Cloud,programme,V-HPE-GL,CC-COR-AI,2265.38,Document Intelligence: cloud
CT-01729,AI-011,2026-05,cloud,Cloud,programme,V-HPE-GL,CC-COR-AI,2374.36,Document Intelligence: cloud
CT-01730,AI-011,2026-06,cloud,Cloud,programme,V-HPE-GL,CC-COR-AI,2333.01,Document Intelligence: cloud
CT-01731,AI-011,2026-07,cloud,Cloud,programme,V-HPE-GL,CC-COR-AI,2271.64,Document Intelligence: cloud
CT-01732,AI-011,2026-08,cloud,Cloud,programme,V-HPE-GL,CC-COR-AI,2369.63,Document Intelligence: cloud
CT-01733,AI-011,2025-10,vendors,Services,programme,V-SVC-D,CC-COR-AI,8150.24,Document Intelligence: vendors
CT-01734,AI-011,2025-11,vendors,Services,programme,V-SVC-D,CC-COR-AI,8694.66,Document Intelligence: vendors
CT-01735,AI-011,2025-12,vendors,Services,programme,V-SVC-D,CC-COR-AI,5708.06,Document Intelligence: vendors
CT-01736,AI-011,2026-01,vendors,Services,programme,V-SVC-D,CC-COR-AI,5988.92,Document Intelligence: vendors
CT-01737,AI-011,2026-02,vendors,Services,programme,V-SVC-D,CC-COR-AI,5938.91,Document Intelligence: vendors
CT-01738,AI-011,2026-03,vendors,Services,programme,V-SVC-D,CC-COR-AI,5798.23,Document Intelligence: vendors
CT-01739,AI-011,2026-04,vendors,Services,programme,V-SVC-D,CC-COR-AI,5452.76,Document Intelligence: vendors
CT-01740,AI-011,2026-05,vendors,Services,programme,V-SVC-D,CC-COR-AI,5474.1,Document Intelligence: vendors
CT-01741,AI-011,2026-06,vendors,Services,programme,V-SVC-D,CC-COR-AI,5962.92,Document Intelligence: vendors
CT-01742,AI-011,2026-07,vendors,Services,programme,V-SVC-D,CC-COR-AI,5609.12,Document Intelligence: vendors
CT-01743,AI-011,2026-08,vendors,Services,programme,V-SVC-D,CC-COR-AI,5669.2,Document Intelligence: vendors
CT-01744,AI-011,2025-10,consulting,Services,programme,V-SI-C,CC-COR-AI,17247.7,Document Intelligence: consulting
CT-01745,AI-011,2025-11,consulting,Services,programme,V-SI-C,CC-COR-AI,17965.97,Document Intelligence: consulting
CT-01746,AI-011,2025-12,consulting,Services,programme,V-SI-C,CC-COR-AI,11435.31,Document Intelligence: consulting
CT-01747,AI-011,2026-01,consulting,Services,programme,V-SI-C,CC-COR-AI,11742.93,Document Intelligence: consulting
CT-01748,AI-011,2026-02,consulting,Services,programme,V-SI-C,CC-COR-AI,11947.0,Document Intelligence: consulting
CT-01749,AI-011,2026-03,consulting,Services,programme,V-SI-C,CC-COR-AI,11746.34,Document Intelligence: consulting
CT-01750,AI-011,2026-04,consulting,Services,programme,V-SI-C,CC-COR-AI,11663.38,Document Intelligence: consulting
CT-01751,AI-011,2026-05,consulting,Services,programme,V-SI-C,CC-COR-AI,11175.5,Document Intelligence: consulting
CT-01752,AI-011,2026-06,consulting,Services,programme,V-SI-C,CC-COR-AI,12488.13,Document Intelligence: consulting
CT-01753,AI-011,2026-07,consulting,Services,programme,V-SI-C,CC-COR-AI,11303.37,Document Intelligence: consulting
CT-01754,AI-011,2026-08,consulting,Services,programme,V-SI-C,CC-COR-AI,12113.55,Document Intelligence: consulting
CT-01755,AI-011,2025-10,employees,People,programme,,CC-COR-AI,34324.99,Document Intelligence: employees
CT-01756,AI-011,2025-11,employees,People,programme,,CC-COR-AI,38907.78,Document Intelligence: employees
CT-01757,AI-011,2025-12,employees,People,programme,,CC-COR-AI,25281.92,Document Intelligence: employees
CT-01758,AI-011,2026-01,employees,People,programme,,CC-COR-AI,27596.62,Document Intelligence: employees
CT-01759,AI-011,2026-02,employees,People,programme,,CC-COR-AI,26147.37,Document Intelligence: employees
CT-01760,AI-011,2026-03,employees,People,programme,,CC-COR-AI,26647.54,Document Intelligence: employees
CT-01761,AI-011,2026-04,employees,People,programme,,CC-COR-AI,25953.18,Document Intelligence: employees
CT-01762,AI-011,2026-05,employees,People,programme,,CC-COR-AI,25234.23,Document Intelligence: employees
CT-01763,AI-011,2026-06,employees,People,programme,,CC-COR-AI,26880.15,Document Intelligence: employees
CT-01764,AI-011,2026-07,employees,People,programme,,CC-COR-AI,26218.94,Document Intelligence: employees
CT-01765,AI-011,2026-08,employees,People,programme,,CC-COR-AI,26799.95,Document Intelligence: employees
CT-01766,AI-011,2025-10,training,People,programme,V-TRN-F,CC-COR-AI,4940.91,Document Intelligence: training
CT-01767,AI-011,2025-11,training,People,programme,V-TRN-F,CC-COR-AI,5246.66,Document Intelligence: training
CT-01768,AI-011,2025-12,training,People,programme,V-TRN-F,CC-COR-AI,3587.93,Document Intelligence: training
CT-01769,AI-011,2026-01,training,People,programme,V-TRN-F,CC-COR-AI,3564.14,Document Intelligence: training
CT-01770,AI-011,2026-02,training,People,programme,V-TRN-F,CC-COR-AI,3716.71,Document Intelligence: training
CT-01771,AI-011,2026-03,training,People,programme,V-TRN-F,CC-COR-AI,3365.05,Document Intelligence: training
CT-01772,AI-011,2026-04,training,People,programme,V-TRN-F,CC-COR-AI,3608.6,Document Intelligence: training
CT-01773,AI-011,2026-05,training,People,programme,V-TRN-F,CC-COR-AI,3754.74,Document Intelligence: training
CT-01774,AI-011,2026-06,training,People,programme,V-TRN-F,CC-COR-AI,3799.67,Document Intelligence: training
CT-01775,AI-011,2026-07,training,People,programme,V-TRN-F,CC-COR-AI,3611.23,Document Intelligence: training
CT-01776,AI-011,2026-08,training,People,programme,V-TRN-F,CC-COR-AI,3488.31,Document Intelligence: training
CT-01777,AI-011,2025-10,data,Other,programme,V-DATA-E,CC-COR-AI,8480.8,Document Intelligence: data
CT-01778,AI-011,2025-11,data,Other,programme,V-DATA-E,CC-COR-AI,8740.3,Document Intelligence: data
CT-01779,AI-011,2025-12,data,Other,programme,V-DATA-E,CC-COR-AI,6068.33,Document Intelligence: data
CT-01780,AI-011,2026-01,data,Other,programme,V-DATA-E,CC-COR-AI,5974.94,Document Intelligence: data
CT-01781,AI-011,2026-02,data,Other,programme,V-DATA-E,CC-COR-AI,5592.63,Document Intelligence: data
CT-01782,AI-011,2026-03,data,Other,programme,V-DATA-E,CC-COR-AI,6264.76,Document Intelligence: data
CT-01783,AI-011,2026-04,data,Other,programme,V-DATA-E,CC-COR-AI,5822.12,Document Intelligence: data
CT-01784,AI-011,2026-05,data,Other,programme,V-DATA-E,CC-COR-AI,6181.22,Document Intelligence: data
CT-01785,AI-011,2026-06,data,Other,programme,V-DATA-E,CC-COR-AI,5738.85,Document Intelligence: data
CT-01786,AI-011,2026-07,data,Other,programme,V-DATA-E,CC-COR-AI,6029.25,Document Intelligence: data
CT-01787,AI-011,2026-08,data,Other,programme,V-DATA-E,CC-COR-AI,5780.05,Document Intelligence: data
CT-01788,AI-011,2025-12,employees,Incremental operating cost,incremental_opex,,CC-COR-OPS,11111.11,"Document Intelligence: business run cost (review, change management, support)"
CT-01789,AI-011,2026-01,employees,Incremental operating cost,incremental_opex,,CC-COR-OPS,11111.11,"Document Intelligence: business run cost (review, change management, support)"
CT-01790,AI-011,2026-02,employees,Incremental operating cost,incremental_opex,,CC-COR-OPS,11111.11,"Document Intelligence: business run cost (review, change management, support)"
CT-01791,AI-011,2026-03,employees,Incremental operating cost,incremental_opex,,CC-COR-OPS,11111.11,"Document Intelligence: business run cost (review, change management, support)"
CT-01792,AI-011,2026-04,employees,Incremental operating cost,incremental_opex,,CC-COR-OPS,11111.11,"Document Intelligence: business run cost (review, change management, support)"
CT-01793,AI-011,2026-05,employees,Incremental operating cost,incremental_opex,,CC-COR-OPS,11111.11,"Document Intelligence: business run cost (review, change management, support)"
CT-01794,AI-011,2026-06,employees,Incremental operating cost,incremental_opex,,CC-COR-OPS,11111.11,"Document Intelligence: business run cost (review, change management, support)"
CT-01795,AI-011,2026-07,employees,Incremental operating cost,incremental_opex,,CC-COR-OPS,11111.11,"Document Intelligence: business run cost (review, change management, support)"
CT-01796,AI-011,2026-08,employees,Incremental operating cost,incremental_opex,,CC-COR-OPS,11111.11,"Document Intelligence: business run cost (review, change management, support)"
CT-01797,AI-012,2025-09,gpu,Infrastructure,programme,V-HPE-INF,CC-ENG-AI,26654.07,AI Developer Productivity: gpu
CT-01798,AI-012,2025-10,gpu,Infrastructure,programme,V-HPE-INF,CC-ENG-AI,26893.8,AI Developer Productivity: gpu
CT-01799,AI-012,2025-11,gpu,Infrastructure,programme,V-HPE-INF,CC-ENG-AI,17913.58,AI Developer Productivity: gpu
CT-01800,AI-012,2025-12,gpu,Infrastructure,programme,V-HPE-INF,CC-ENG-AI,18143.47,AI Developer Productivity: gpu
CT-01801,AI-012,2026-01,gpu,Infrastructure,programme,V-HPE-INF,CC-ENG-AI,18122.89,AI Developer Productivity: gpu
CT-01802,AI-012,2026-02,gpu,Infrastructure,programme,V-HPE-INF,CC-ENG-AI,19532.1,AI Developer Productivity: gpu
CT-01803,AI-012,2026-03,gpu,Infrastructure,programme,V-HPE-INF,CC-ENG-AI,18091.32,AI Developer Productivity: gpu
CT-01804,AI-012,2026-04,gpu,Infrastructure,programme,V-HPE-INF,CC-ENG-AI,18234.21,AI Developer Productivity: gpu
CT-01805,AI-012,2026-05,gpu,Infrastructure,programme,V-HPE-INF,CC-ENG-AI,18896.82,AI Developer Productivity: gpu
CT-01806,AI-012,2026-06,gpu,Infrastructure,programme,V-HPE-INF,CC-ENG-AI,19163.34,AI Developer Productivity: gpu
CT-01807,AI-012,2026-07,gpu,Infrastructure,programme,V-HPE-INF,CC-ENG-AI,18441.31,AI Developer Productivity: gpu
CT-01808,AI-012,2026-08,gpu,Infrastructure,programme,V-HPE-INF,CC-ENG-AI,18090.01,AI Developer Productivity: gpu
CT-01809,AI-012,2025-09,compute,Infrastructure,programme,V-HPE-INF,CC-ENG-AI,11669.38,AI Developer Productivity: compute
CT-01810,AI-012,2025-10,compute,Infrastructure,programme,V-HPE-INF,CC-ENG-AI,11173.67,AI Developer Productivity: compute
CT-01811,AI-012,2025-11,compute,Infrastructure,programme,V-HPE-INF,CC-ENG-AI,7230.54,AI Developer Productivity: compute
CT-01812,AI-012,2025-12,compute,Infrastructure,programme,V-HPE-INF,CC-ENG-AI,7622.95,AI Developer Productivity: compute
CT-01813,AI-012,2026-01,compute,Infrastructure,programme,V-HPE-INF,CC-ENG-AI,7461.62,AI Developer Productivity: compute
CT-01814,AI-012,2026-02,compute,Infrastructure,programme,V-HPE-INF,CC-ENG-AI,7557.11,AI Developer Productivity: compute
CT-01815,AI-012,2026-03,compute,Infrastructure,programme,V-HPE-INF,CC-ENG-AI,7633.11,AI Developer Productivity: compute
CT-01816,AI-012,2026-04,compute,Infrastructure,programme,V-HPE-INF,CC-ENG-AI,7746.49,AI Developer Productivity: compute
CT-01817,AI-012,2026-05,compute,Infrastructure,programme,V-HPE-INF,CC-ENG-AI,7470.54,AI Developer Productivity: compute
CT-01818,AI-012,2026-06,compute,Infrastructure,programme,V-HPE-INF,CC-ENG-AI,7653.45,AI Developer Productivity: compute
CT-01819,AI-012,2026-07,compute,Infrastructure,programme,V-HPE-INF,CC-ENG-AI,7920.97,AI Developer Productivity: compute
CT-01820,AI-012,2026-08,compute,Infrastructure,programme,V-HPE-INF,CC-ENG-AI,7111.84,AI Developer Productivity: compute
CT-01821,AI-012,2025-09,storage,Infrastructure,programme,V-HPE-INF,CC-ENG-AI,11709.68,AI Developer Productivity: storage
CT-01822,AI-012,2025-10,storage,Infrastructure,programme,V-HPE-INF,CC-ENG-AI,11483.53,AI Developer Productivity: storage
CT-01823,AI-012,2025-11,storage,Infrastructure,programme,V-HPE-INF,CC-ENG-AI,7493.93,AI Developer Productivity: storage
CT-01824,AI-012,2025-12,storage,Infrastructure,programme,V-HPE-INF,CC-ENG-AI,7311.48,AI Developer Productivity: storage
CT-01825,AI-012,2026-01,storage,Infrastructure,programme,V-HPE-INF,CC-ENG-AI,7619.79,AI Developer Productivity: storage
CT-01826,AI-012,2026-02,storage,Infrastructure,programme,V-HPE-INF,CC-ENG-AI,7601.81,AI Developer Productivity: storage
CT-01827,AI-012,2026-03,storage,Infrastructure,programme,V-HPE-INF,CC-ENG-AI,7356.35,AI Developer Productivity: storage
CT-01828,AI-012,2026-04,storage,Infrastructure,programme,V-HPE-INF,CC-ENG-AI,6931.82,AI Developer Productivity: storage
CT-01829,AI-012,2026-05,storage,Infrastructure,programme,V-HPE-INF,CC-ENG-AI,8206.45,AI Developer Productivity: storage
CT-01830,AI-012,2026-06,storage,Infrastructure,programme,V-HPE-INF,CC-ENG-AI,7306.55,AI Developer Productivity: storage
CT-01831,AI-012,2026-07,storage,Infrastructure,programme,V-HPE-INF,CC-ENG-AI,7175.5,AI Developer Productivity: storage
CT-01832,AI-012,2026-08,storage,Infrastructure,programme,V-HPE-INF,CC-ENG-AI,7411.1,AI Developer Productivity: storage
CT-01833,AI-012,2025-09,networking,Infrastructure,programme,V-HPE-NET,CC-ENG-AI,6451.18,AI Developer Productivity: networking
CT-01834,AI-012,2025-10,networking,Infrastructure,programme,V-HPE-NET,CC-ENG-AI,6073.12,AI Developer Productivity: networking
CT-01835,AI-012,2025-11,networking,Infrastructure,programme,V-HPE-NET,CC-ENG-AI,4457.75,AI Developer Productivity: networking
CT-01836,AI-012,2025-12,networking,Infrastructure,programme,V-HPE-NET,CC-ENG-AI,4539.83,AI Developer Productivity: networking
CT-01837,AI-012,2026-01,networking,Infrastructure,programme,V-HPE-NET,CC-ENG-AI,5056.67,AI Developer Productivity: networking
CT-01838,AI-012,2026-02,networking,Infrastructure,programme,V-HPE-NET,CC-ENG-AI,4999.46,AI Developer Productivity: networking
CT-01839,AI-012,2026-03,networking,Infrastructure,programme,V-HPE-NET,CC-ENG-AI,4719.84,AI Developer Productivity: networking
CT-01840,AI-012,2026-04,networking,Infrastructure,programme,V-HPE-NET,CC-ENG-AI,4270.85,AI Developer Productivity: networking
CT-01841,AI-012,2026-05,networking,Infrastructure,programme,V-HPE-NET,CC-ENG-AI,4620.95,AI Developer Productivity: networking
CT-01842,AI-012,2026-06,networking,Infrastructure,programme,V-HPE-NET,CC-ENG-AI,4317.93,AI Developer Productivity: networking
CT-01843,AI-012,2026-07,networking,Infrastructure,programme,V-HPE-NET,CC-ENG-AI,4020.97,AI Developer Productivity: networking
CT-01844,AI-012,2026-08,networking,Infrastructure,programme,V-HPE-NET,CC-ENG-AI,4480.63,AI Developer Productivity: networking
CT-01845,AI-012,2025-09,software,Software,programme,V-SW-A,CC-ENG-AI,18551.21,AI Developer Productivity: software
CT-01846,AI-012,2025-10,software,Software,programme,V-SW-A,CC-ENG-AI,18464.2,AI Developer Productivity: software
CT-01847,AI-012,2025-11,software,Software,programme,V-SW-A,CC-ENG-AI,12810.97,AI Developer Productivity: software
CT-01848,AI-012,2025-12,software,Software,programme,V-SW-A,CC-ENG-AI,12532.57,AI Developer Productivity: software
CT-01849,AI-012,2026-01,software,Software,programme,V-SW-A,CC-ENG-AI,12332.32,AI Developer Productivity: software
CT-01850,AI-012,2026-02,software,Software,programme,V-SW-A,CC-ENG-AI,11981.71,AI Developer Productivity: software
CT-01851,AI-012,2026-03,software,Software,programme,V-SW-A,CC-ENG-AI,11294.89,AI Developer Productivity: software
CT-01852,AI-012,2026-04,software,Software,programme,V-SW-A,CC-ENG-AI,11760.16,AI Developer Productivity: software
CT-01853,AI-012,2026-05,software,Software,programme,V-SW-A,CC-ENG-AI,12209.59,AI Developer Productivity: software
CT-01854,AI-012,2026-06,software,Software,programme,V-SW-A,CC-ENG-AI,12073.34,AI Developer Productivity: software
CT-01855,AI-012,2026-07,software,Software,programme,V-SW-A,CC-ENG-AI,11807.43,AI Developer Productivity: software
CT-01856,AI-012,2026-08,software,Software,programme,V-SW-A,CC-ENG-AI,12283.17,AI Developer Productivity: software
CT-01857,AI-012,2025-09,saas,Software,programme,V-SAAS-B,CC-ENG-AI,15807.19,AI Developer Productivity: saas
CT-01858,AI-012,2025-10,saas,Software,programme,V-SAAS-B,CC-ENG-AI,14085.71,AI Developer Productivity: saas
CT-01859,AI-012,2025-11,saas,Software,programme,V-SAAS-B,CC-ENG-AI,10124.16,AI Developer Productivity: saas
CT-01860,AI-012,2025-12,saas,Software,programme,V-SAAS-B,CC-ENG-AI,11244.33,AI Developer Productivity: saas
CT-01861,AI-012,2026-01,saas,Software,programme,V-SAAS-B,CC-ENG-AI,10218.25,AI Developer Productivity: saas
CT-01862,AI-012,2026-02,saas,Software,programme,V-SAAS-B,CC-ENG-AI,9877.69,AI Developer Productivity: saas
CT-01863,AI-012,2026-03,saas,Software,programme,V-SAAS-B,CC-ENG-AI,10074.07,AI Developer Productivity: saas
CT-01864,AI-012,2026-04,saas,Software,programme,V-SAAS-B,CC-ENG-AI,10385.24,AI Developer Productivity: saas
CT-01865,AI-012,2026-05,saas,Software,programme,V-SAAS-B,CC-ENG-AI,10261.41,AI Developer Productivity: saas
CT-01866,AI-012,2026-06,saas,Software,programme,V-SAAS-B,CC-ENG-AI,10816.34,AI Developer Productivity: saas
CT-01867,AI-012,2026-07,saas,Software,programme,V-SAAS-B,CC-ENG-AI,11266.89,AI Developer Productivity: saas
CT-01868,AI-012,2026-08,saas,Software,programme,V-SAAS-B,CC-ENG-AI,11306.4,AI Developer Productivity: saas
CT-01869,AI-012,2025-09,cloud,Cloud,programme,V-PC-G,CC-ENG-AI,35455.78,AI Developer Productivity: cloud
CT-01870,AI-012,2025-10,cloud,Cloud,programme,V-PC-G,CC-ENG-AI,34345.7,AI Developer Productivity: cloud
CT-01871,AI-012,2025-11,cloud,Cloud,programme,V-PC-G,CC-ENG-AI,23840.62,AI Developer Productivity: cloud
CT-01872,AI-012,2025-12,cloud,Cloud,programme,V-PC-G,CC-ENG-AI,23234.5,AI Developer Productivity: cloud
CT-01873,AI-012,2026-01,cloud,Cloud,programme,V-PC-G,CC-ENG-AI,24942.4,AI Developer Productivity: cloud
CT-01874,AI-012,2026-02,cloud,Cloud,programme,V-PC-G,CC-ENG-AI,24036.42,AI Developer Productivity: cloud
CT-01875,AI-012,2026-03,cloud,Cloud,programme,V-PC-G,CC-ENG-AI,22309.14,AI Developer Productivity: cloud
CT-01876,AI-012,2026-04,cloud,Cloud,programme,V-PC-G,CC-ENG-AI,22005.16,AI Developer Productivity: cloud
CT-01877,AI-012,2026-05,cloud,Cloud,programme,V-PC-G,CC-ENG-AI,37031.4,AI Developer Productivity: cloud
CT-01878,AI-012,2026-06,cloud,Cloud,programme,V-PC-G,CC-ENG-AI,37669.3,AI Developer Productivity: cloud
CT-01879,AI-012,2026-07,cloud,Cloud,programme,V-PC-G,CC-ENG-AI,38250.51,AI Developer Productivity: cloud
CT-01880,AI-012,2026-08,cloud,Cloud,programme,V-PC-G,CC-ENG-AI,34214.74,AI Developer Productivity: cloud
CT-01881,AI-012,2025-09,vendors,Services,programme,V-SVC-D,CC-ENG-AI,9703.89,AI Developer Productivity: vendors
CT-01882,AI-012,2025-10,vendors,Services,programme,V-SVC-D,CC-ENG-AI,8783.49,AI Developer Productivity: vendors
CT-01883,AI-012,2025-11,vendors,Services,programme,V-SVC-D,CC-ENG-AI,6319.16,AI Developer Productivity: vendors
CT-01884,AI-012,2025-12,vendors,Services,programme,V-SVC-D,CC-ENG-AI,6233.53,AI Developer Productivity: vendors
CT-01885,AI-012,2026-01,vendors,Services,programme,V-SVC-D,CC-ENG-AI,5668.64,AI Developer Productivity: vendors
CT-01886,AI-012,2026-02,vendors,Services,programme,V-SVC-D,CC-ENG-AI,5823.55,AI Developer Productivity: vendors
CT-01887,AI-012,2026-03,vendors,Services,programme,V-SVC-D,CC-ENG-AI,5686.09,AI Developer Productivity: vendors
CT-01888,AI-012,2026-04,vendors,Services,programme,V-SVC-D,CC-ENG-AI,6343.98,AI Developer Productivity: vendors
CT-01889,AI-012,2026-05,vendors,Services,programme,V-SVC-D,CC-ENG-AI,6094.45,AI Developer Productivity: vendors
CT-01890,AI-012,2026-06,vendors,Services,programme,V-SVC-D,CC-ENG-AI,6086.6,AI Developer Productivity: vendors
CT-01891,AI-012,2026-07,vendors,Services,programme,V-SVC-D,CC-ENG-AI,6601.82,AI Developer Productivity: vendors
CT-01892,AI-012,2026-08,vendors,Services,programme,V-SVC-D,CC-ENG-AI,6300.32,AI Developer Productivity: vendors
CT-01893,AI-012,2025-09,consulting,Services,programme,V-SI-C,CC-ENG-AI,18644.6,AI Developer Productivity: consulting
CT-01894,AI-012,2025-10,consulting,Services,programme,V-SI-C,CC-ENG-AI,15957.07,AI Developer Productivity: consulting
CT-01895,AI-012,2025-11,consulting,Services,programme,V-SI-C,CC-ENG-AI,11869.26,AI Developer Productivity: consulting
CT-01896,AI-012,2025-12,consulting,Services,programme,V-SI-C,CC-ENG-AI,11791.58,AI Developer Productivity: consulting
CT-01897,AI-012,2026-01,consulting,Services,programme,V-SI-C,CC-ENG-AI,11902.23,AI Developer Productivity: consulting
CT-01898,AI-012,2026-02,consulting,Services,programme,V-SI-C,CC-ENG-AI,12612.5,AI Developer Productivity: consulting
CT-01899,AI-012,2026-03,consulting,Services,programme,V-SI-C,CC-ENG-AI,12558.4,AI Developer Productivity: consulting
CT-01900,AI-012,2026-04,consulting,Services,programme,V-SI-C,CC-ENG-AI,11228.16,AI Developer Productivity: consulting
CT-01901,AI-012,2026-05,consulting,Services,programme,V-SI-C,CC-ENG-AI,12257.34,AI Developer Productivity: consulting
CT-01902,AI-012,2026-06,consulting,Services,programme,V-SI-C,CC-ENG-AI,12666.66,AI Developer Productivity: consulting
CT-01903,AI-012,2026-07,consulting,Services,programme,V-SI-C,CC-ENG-AI,12349.23,AI Developer Productivity: consulting
CT-01904,AI-012,2026-08,consulting,Services,programme,V-SI-C,CC-ENG-AI,11306.09,AI Developer Productivity: consulting
CT-01905,AI-012,2025-09,employees,People,programme,,CC-ENG-AI,53644.24,AI Developer Productivity: employees
CT-01906,AI-012,2025-10,employees,People,programme,,CC-ENG-AI,53140.79,AI Developer Productivity: employees
CT-01907,AI-012,2025-11,employees,People,programme,,CC-ENG-AI,37942.45,AI Developer Productivity: employees
CT-01908,AI-012,2025-12,employees,People,programme,,CC-ENG-AI,36399.44,AI Developer Productivity: employees
CT-01909,AI-012,2026-01,employees,People,programme,,CC-ENG-AI,33707.19,AI Developer Productivity: employees
CT-01910,AI-012,2026-02,employees,People,programme,,CC-ENG-AI,35689.66,AI Developer Productivity: employees
CT-01911,AI-012,2026-03,employees,People,programme,,CC-ENG-AI,36673.84,AI Developer Productivity: employees
CT-01912,AI-012,2026-04,employees,People,programme,,CC-ENG-AI,35226.38,AI Developer Productivity: employees
CT-01913,AI-012,2026-05,employees,People,programme,,CC-ENG-AI,35707.3,AI Developer Productivity: employees
CT-01914,AI-012,2026-06,employees,People,programme,,CC-ENG-AI,36712.31,AI Developer Productivity: employees
CT-01915,AI-012,2026-07,employees,People,programme,,CC-ENG-AI,33931.6,AI Developer Productivity: employees
CT-01916,AI-012,2026-08,employees,People,programme,,CC-ENG-AI,37230.29,AI Developer Productivity: employees
CT-01917,AI-012,2025-09,training,People,programme,V-TRN-F,CC-ENG-AI,6602.87,AI Developer Productivity: training
CT-01918,AI-012,2025-10,training,People,programme,V-TRN-F,CC-ENG-AI,6571.71,AI Developer Productivity: training
CT-01919,AI-012,2025-11,training,People,programme,V-TRN-F,CC-ENG-AI,4271.78,AI Developer Productivity: training
CT-01920,AI-012,2025-12,training,People,programme,V-TRN-F,CC-ENG-AI,4425.76,AI Developer Productivity: training
CT-01921,AI-012,2026-01,training,People,programme,V-TRN-F,CC-ENG-AI,4726.03,AI Developer Productivity: training
CT-01922,AI-012,2026-02,training,People,programme,V-TRN-F,CC-ENG-AI,4643.14,AI Developer Productivity: training
CT-01923,AI-012,2026-03,training,People,programme,V-TRN-F,CC-ENG-AI,4278.55,AI Developer Productivity: training
CT-01924,AI-012,2026-04,training,People,programme,V-TRN-F,CC-ENG-AI,4629.55,AI Developer Productivity: training
CT-01925,AI-012,2026-05,training,People,programme,V-TRN-F,CC-ENG-AI,4437.53,AI Developer Productivity: training
CT-01926,AI-012,2026-06,training,People,programme,V-TRN-F,CC-ENG-AI,4476.61,AI Developer Productivity: training
CT-01927,AI-012,2026-07,training,People,programme,V-TRN-F,CC-ENG-AI,4174.38,AI Developer Productivity: training
CT-01928,AI-012,2026-08,training,People,programme,V-TRN-F,CC-ENG-AI,4651.14,AI Developer Productivity: training
CT-01929,AI-012,2025-09,data,Other,programme,V-DATA-E,CC-ENG-AI,11067.33,AI Developer Productivity: data
CT-01930,AI-012,2025-10,data,Other,programme,V-DATA-E,CC-ENG-AI,11577.24,AI Developer Productivity: data
CT-01931,AI-012,2025-11,data,Other,programme,V-DATA-E,CC-ENG-AI,8098.64,AI Developer Productivity: data
CT-01932,AI-012,2025-12,data,Other,programme,V-DATA-E,CC-ENG-AI,7163.88,AI Developer Productivity: data
CT-01933,AI-012,2026-01,data,Other,programme,V-DATA-E,CC-ENG-AI,7495.47,AI Developer Productivity: data
CT-01934,AI-012,2026-02,data,Other,programme,V-DATA-E,CC-ENG-AI,6671.15,AI Developer Productivity: data
CT-01935,AI-012,2026-03,data,Other,programme,V-DATA-E,CC-ENG-AI,7853.23,AI Developer Productivity: data
CT-01936,AI-012,2026-04,data,Other,programme,V-DATA-E,CC-ENG-AI,7665.94,AI Developer Productivity: data
CT-01937,AI-012,2026-05,data,Other,programme,V-DATA-E,CC-ENG-AI,7600.47,AI Developer Productivity: data
CT-01938,AI-012,2026-06,data,Other,programme,V-DATA-E,CC-ENG-AI,7541.04,AI Developer Productivity: data
CT-01939,AI-012,2026-07,data,Other,programme,V-DATA-E,CC-ENG-AI,7537.55,AI Developer Productivity: data
CT-01940,AI-012,2026-08,data,Other,programme,V-DATA-E,CC-ENG-AI,8094.23,AI Developer Productivity: data
CT-01941,AI-012,2025-11,employees,Incremental operating cost,incremental_opex,,CC-ENG-OPS,23000.0,"AI Developer Productivity: business run cost (review, change management, support)"
CT-01942,AI-012,2025-12,employees,Incremental operating cost,incremental_opex,,CC-ENG-OPS,23000.0,"AI Developer Productivity: business run cost (review, change management, support)"
CT-01943,AI-012,2026-01,employees,Incremental operating cost,incremental_opex,,CC-ENG-OPS,23000.0,"AI Developer Productivity: business run cost (review, change management, support)"
CT-01944,AI-012,2026-02,employees,Incremental operating cost,incremental_opex,,CC-ENG-OPS,23000.0,"AI Developer Productivity: business run cost (review, change management, support)"
CT-01945,AI-012,2026-03,employees,Incremental operating cost,incremental_opex,,CC-ENG-OPS,23000.0,"AI Developer Productivity: business run cost (review, change management, support)"
CT-01946,AI-012,2026-04,employees,Incremental operating cost,incremental_opex,,CC-ENG-OPS,23000.0,"AI Developer Productivity: business run cost (review, change management, support)"
CT-01947,AI-012,2026-05,employees,Incremental operating cost,incremental_opex,,CC-ENG-OPS,23000.0,"AI Developer Productivity: business run cost (review, change management, support)"
CT-01948,AI-012,2026-06,employees,Incremental operating cost,incremental_opex,,CC-ENG-OPS,23000.0,"AI Developer Productivity: business run cost (review, change management, support)"
CT-01949,AI-012,2026-07,employees,Incremental operating cost,incremental_opex,,CC-ENG-OPS,23000.0,"AI Developer Productivity: business run cost (review, change management, support)"
CT-01950,AI-012,2026-08,employees,Incremental operating cost,incremental_opex,,CC-ENG-OPS,23000.0,"AI Developer Productivity: business run cost (review, change management, support)"
